-- MySQL dump 10.16  Distrib 10.2.27-MariaDB, for Linux (x86_64)
--
-- Host: localhost    Database: u433255739_hotel
-- ------------------------------------------------------
-- Server version	10.2.27-MariaDB

/*!40101 SET @OLD_CHARACTER_SET_CLIENT=@@CHARACTER_SET_CLIENT */;
/*!40101 SET @OLD_CHARACTER_SET_RESULTS=@@CHARACTER_SET_RESULTS */;
/*!40101 SET @OLD_COLLATION_CONNECTION=@@COLLATION_CONNECTION */;
/*!40101 SET NAMES utf8 */;
/*!40103 SET @OLD_TIME_ZONE=@@TIME_ZONE */;
/*!40103 SET TIME_ZONE='+00:00' */;
/*!40014 SET @OLD_UNIQUE_CHECKS=@@UNIQUE_CHECKS, UNIQUE_CHECKS=0 */;
/*!40014 SET @OLD_FOREIGN_KEY_CHECKS=@@FOREIGN_KEY_CHECKS, FOREIGN_KEY_CHECKS=0 */;
/*!40101 SET @OLD_SQL_MODE=@@SQL_MODE, SQL_MODE='NO_AUTO_VALUE_ON_ZERO' */;
/*!40111 SET @OLD_SQL_NOTES=@@SQL_NOTES, SQL_NOTES=0 */;

--
-- Table structure for table `Clientes`
--

DROP TABLE IF EXISTS `Clientes`;
/*!40101 SET @saved_cs_client     = @@character_set_client */;
/*!40101 SET character_set_client = utf8 */;
CREATE TABLE `Clientes` (
  `id` int(10) unsigned NOT NULL AUTO_INCREMENT,
  `nombre` varchar(255) COLLATE utf8mb4_unicode_ci NOT NULL,
  `correo` varchar(255) COLLATE utf8mb4_unicode_ci NOT NULL,
  `telefono` varchar(255) COLLATE utf8mb4_unicode_ci NOT NULL,
  `estado` varchar(255) COLLATE utf8mb4_unicode_ci NOT NULL,
  PRIMARY KEY (`id`)
) ENGINE=InnoDB AUTO_INCREMENT=188 DEFAULT CHARSET=utf8mb4 COLLATE=utf8mb4_unicode_ci;
/*!40101 SET character_set_client = @saved_cs_client */;

--
-- Dumping data for table `Clientes`
--

/*!40000 ALTER TABLE `Clientes` DISABLE KEYS */;
INSERT INTO `Clientes` VALUES (1,'Salvador Delgado Duarte','Saldelte@hotmail.com','3221364928',''),(2,'Carlos Gonzalez','-----','33333',''),(3,'Berta','s-------','234121',''),(4,'Cecilia Carolina Cárdenas Pimienta','cccpimienta2@gmail.com','3221028441',''),(5,'salavdor','--','453653',''),(6,'carlos','--','215644',''),(7,'efrain','----','21664',''),(8,'temportal test','-','12312123',''),(9,'testing','-','12123123',''),(10,'test','-','1131212',''),(11,'Roman Sandoval','-','3111013374',''),(12,'Iris Flores|','---','3319246472',''),(13,'Iris Flores','--','3319246472',''),(14,'Pablo Bonilla Lopez','----','3311299687',''),(15,'Testing 1','-','31292292',''),(16,'a','-','1',''),(17,'probando  grupal','-','1231233131',''),(18,'Poblo Bonilla Lopez','----','3311299687',''),(19,'Pablo Binilla Lopez','-----','3311299687',''),(20,'Ricardo','ricardo.tirado69@yahoo.com','313213131',''),(21,'Test 2','-','1|23123123',''),(22,'jbvgje','----','353',''),(23,'fjfbvg','----','7567536',''),(24,'salvador','---','231361654',''),(25,'Antonio Salas','--','4461238007',''),(26,'Javier Cazares','--','3312470704',''),(27,'Probando','-','123123123',''),(28,'Delia Fuentes','---','55277487',''),(29,'Carlos Garcia','--','3325910745',''),(30,'Jazmin Herrera','---','5587617090',''),(31,'Martha Valdivia','---','3323885072',''),(32,'Lorena Chavez','---','4421868331',''),(33,'Nely Venegas','--','3326147917',''),(34,'Mistica Gaytan','--','3324024731',''),(35,'Erika Castillo España','--','3321560594',''),(36,'Graciela Cisneros','--','4773267905',''),(37,'Alejandra Cazares','--','5587647775',''),(38,'Angeles Rubio','-','7721102760',''),(39,'Hector Chavez','-','3320502383',''),(40,'Manuel Rincon','-','4741082835',''),(41,'Eduardo Flores','--','3334941584',''),(42,'Luz Adriana Morales','-','4775571091',''),(43,'Rubi Lopez','--','4433792161',''),(44,'Giovany Cisneros','--','3316864920',''),(45,'asd','-','asd',''),(46,'Aracely Torres Caballero','---','5578593435, 5539175322',''),(47,'Luciana Lopez','-','3319269557',''),(48,'Guadalupe Vargas','----','213201654121',''),(49,'Silvia gallegos','----','23145652165',''),(50,'carlos ibarra','-----','23165465151',''),(51,'Berta piña','------','5216541',''),(52,'Salvador Garcia','----','65156451',''),(53,'rafael lopez','-------','216455152',''),(54,'dalia villegas','----','215462162',''),(55,'javir cazares','------','23165498546541',''),(56,'Elpidia Contreras Nava','--','5512486682','mexico'),(57,'Iris Flores','---','3319246472','jalisco'),(58,'Iris Flores','----','3319246472','jalisco'),(59,'CARLOS GARCIA','--','3325910745','JALISCO'),(60,'CARLOS GARCIA','-','3325910745','JALISCO'),(61,'Antonio Salas','-','4961238007','Zacatecas'),(62,'CARLOS GARCIA','-','3325910745','JALISCO'),(63,'JAZMIN HERRERA','-','5587617090','MEXICO'),(64,'Ricardo Tirado Soberanes','richiman117@gmaill.com','3112922962','Nayarit'),(65,'ORG LUIS HERNANDEZ','-','3315262277','JALISCO'),(66,'ORG GRACIELA CISNEROS','-','4773267905','GUANAJUATO'),(67,'LORENA CHAVEZ','-','4421868331','QUERETARO'),(68,'ORG ANGELES RUBIO','-','7721102760','QUERERTARO'),(69,'LUZ ADRIANA MORALES','-','4775571091','GUANAJUATO'),(70,'ORG ARACELI TORRES CABALLERO','-','5578593435','MEXICO'),(71,'ORG LUCIANA LOPEZ','-','3319269557','JALISCO'),(72,'ORG JESUS GARCIA','-','5564562966','MEXICO'),(73,'KARINA GAMBOA','-','3331790031','JALISCO'),(74,'ORG KARINA GAMBOA','-','3331790031','JALISCO'),(75,'ORG MIGUEL DIAZ GRANADOS','-','4721138816','GUANAJUATO'),(76,'JOSE SANTOS PARRA MARTINEZ','-','4741133408','JALISCO'),(77,'ORG JUANA RANGEL','-','5519163565','MEXICO'),(78,'ORG ALICIA QUINTANILLA','-','4493867259','AGUASCALIENTES'),(79,'ORG ALICIA QUINTANILLA','-','4493867259','AGUASCALIENTES'),(80,'DANIEL JIMENEZ','-','3317735591','JALISCO'),(81,'ORG MARIA DE LA CRUZ','-','3312229077','JALISCO'),(82,'ORG BLANCA MORENO','-','8444033077','COAHUILA'),(83,'DEYSI GUERRERO','-','4498068559','AGUASCALIENTES'),(84,'JAVIER CAZARES','-','3312470704','JALISCO'),(85,'ORG JAVIER CAZARES','-','3312470704','JALISCO'),(86,'ORG ROSAURA ESQUIVEL DUARTE','-','7223153059','MEXICO'),(87,'ORG BALTAZAR RUBIO','-','4745694405','GUANAJUATO'),(88,'FRANCISCO GAETA','-','3311687964','JALISCO'),(89,'ELENA PADILLA','-','3921006811','JALISCO'),(90,'CARLOS EDUARDO GARCIA','-','3319788311','JALISCO'),(91,'CARLOS ALBERTO CIFUENTES','-','8117997929','NUEVO LEON'),(92,'ORG CRISTINA ZARAGOZA','-','3931009734','JALISCO'),(93,'RAMON TORRES','-','3310118240','JALISCO'),(94,'ORG MARIA LOURDES VILLASEÑOR','-','3921095880','JALISCO'),(95,'Testing','richiman117@gmaill.com','123123','Tuxpan'),(96,'ORG ULICES MENDOZA','-','3541282322','MICHOACAN'),(97,'CLAUIDA HERNANDEZ','-','3322717610','JALISCO'),(98,'ROALDO SUAREZ','-','3311330977','JALISCO'),(99,'VICTOR EDUARDO GUZMAN MARTINEZ','-','3323469454','JALISCO'),(100,'JOSE GUADALUPE SANCHEZ DE LA TORRE','-','3312289784','JALISCO'),(101,'ORG ULICES MENDOZA','-','3541282322','MICHOACAN'),(102,'MARIA DE LOS ANGELES','-','5519617322','MEXICO'),(103,'ORG MARIA DE LOS ANGELES','-','5519617322','MEXICO'),(104,'ORG EVELIA SANCHEZ','-','3331181310','JALISCO'),(105,'BENJAMIN GARCIA','-','5527521497','MEXICO'),(106,'ERNESTO BARRERA','-','3322493053','JALISCO'),(107,'ORG ERNESTO BARRERA','-','3322493053','JALISCO'),(108,'ROBERTO MEDRANO','-','8446072810','COAHUILA'),(109,'SILVIA RAMIREZ','-','5539120352','MEXICO'),(110,'PETRA CALZADA','-','4921151780','ZACATECAS'),(111,'GUILLERMINA MENDEZ','-','3323841985','JALISCO'),(112,'CARLOS OLIVARES','-','3317795800','JALISCO'),(113,'RIGOBERO ABARCA GARCIA','-','3113384492','NAYARIT'),(114,'MAYRA GARCIA','-','3317972339','JALISCO'),(115,'JULIA ESTRELLA','-','3310455384','JALISCO'),(116,'MAGALY SANCHEZ','-','3331408895','JALISCO'),(117,'ANGEL REYES','-','3316074868','JALISCO'),(118,'VALENTINA GUZMAN','-','3311966113','JALISCO'),(119,'ORG JORGE RAMIREZ','-','3313538019','JALISCO'),(120,'PAOLA GONZALEZ NAVA','-','4931091504','ZACATECAS'),(121,'Chela gomez','-','1234567890','Jalisco'),(122,'ANA ALMARAZ','-','3314274667','JALISCO'),(123,'FRANCISCO PIÑA','-','5204502870','ARIZONA'),(124,'GORETTI CANAL','-','3310757911','JALISCO'),(125,'ORG GORETTI CANAL','-','3310757911','JALISCO'),(126,'ORG IRIS FLORES','-','3319246472','JALISCO'),(127,'ORG CARLOS GARCIA','-','3325910745','JALISCO'),(128,'JOSE BERDUSCO','-','3313150365','JALISCO'),(129,'VIRGINIA ESQUIVEL','-','3326265922','JALISCO'),(130,'OSCAR PADILLA','-','3921106369','JALISCO'),(131,'ELIZA NUÑEZ','-','3751045250','JALAISCO'),(132,'ELIZA NUÑEZ','-','3751045250','JALISCO'),(133,'VANESA BAÑUELOS COVARRUBIAS','-','3330080661','JALISCO'),(134,'HILDA ROBLES','-','3338071164','JALISCO'),(135,'VIRIDIANA FLORES','-','3310648339','JALISCO'),(136,'LUIS ENRIQUE','-','3111429824','NAYARIT'),(137,'SILVIA BANDA RAMIREZ','-','6199483424','USA'),(138,'RAUL PONCE DE LEON','-','5545306947','MEXICO'),(139,'MARCO ANTONIO ROMERO','-','4491574902','-'),(140,'MIGUEL ANGEL SAVEDRA','-','-','-'),(141,'JUAN PABLO AYALA','-','3363006236','JALISCO'),(142,'RYAN WILLIAMS','-','-','USA'),(143,'HUGO MONTEJANO','-','6861893068','-'),(144,'SANDRA GONZALEZ PARRA','-','6674180888','-'),(145,'ANGELA COVARRUBIAS FLORES','-','3222089950','JALISCO'),(146,'PAT SIMCOX','yukonpatandbarry@hotmail.com','8673341296','CANADA'),(147,'FRANCISCO SILVA RAMIREZ','-','4626059969','GUANAJUATO'),(148,'GILBERTO DALI','-','3112677081','NAYARIT'),(149,'GILBERTO FLORENCIO DALI SOLIS','-','3112568688','NAYARIT'),(150,'DENIS ESMERALDA NAVARRO VAZQUEZ','-','3317515056','JALISCO'),(151,'ORG MANUEL RINCON','-','4741082835','JALISCO'),(152,'JOSE DE JESUS COVARRUBIAS CAMPOS','-','4491172224','AGUASCALIENTES'),(153,'DENNIS VAZQUEZ','-','3317515056','JALISCO'),(154,'ANABET GUTIERREZ','-','3310406354','JALISCO'),(155,'ORG ANTONIO SALAS','-','4961238007','ZACATECAS'),(156,'ORG DELIA FUENTES','-','55277487','MEXICO'),(157,'ORG ELIZABETH LEON','-','4428384686','QUERETARO'),(158,'HECTOR MANUEL GARCIA','-','3271120474','NAYARIT'),(159,'PETER CHARLES OLSON','olsonpeter862@gmail.com','7787547720','CANADA'),(160,'GILLES GUILBAULT','guibault60@gmail.com','4507564303','CANADA'),(161,'NORMAND GEOFFROY','bocil27@hotmail.com','4507524347','CANADA'),(162,'CORLISS PATTERSON','corliss.patterson@gmail.com','2049220123','CANADA'),(163,'HUGO RODRIGUEZ','-','---','USA'),(164,'FRANCISCO VILLA ARREOLA','farreo.181032@guest.booking.com','-','MEXICO'),(165,'CARLOS ARTURO ARELLANO ARCE','-','6691270831','SINALOA'),(166,'VICTOR MANUEL MIRELES AVILA','-','5569377468','MEXICO'),(167,'ORG JORGE MANZANO MALDONADO','-','3111222694','NAYARIT'),(168,'MARIA DEL ROSARIO  ROBLES  MERCADO','-','3311558332','JALISCO'),(169,'JOSE LUIS MARTINEZ SANCHEZ','-','5532339547','ESTADO DE MEXICO'),(170,'SAMUEL PORTILLO ROMERO','-','3335069134','JALISCO'),(171,'JOEL ALONSO TORRES MARTINEZ','--','3314688813','JALISCO'),(172,'LUIS ANTONIO LOPEZ YAÑEZ LOPEZ','--','3311517236','JALISCO'),(173,'SANTIAGO ESPINOZA CRUZ','--','3316943008','JALISCO'),(174,'ARIAGA MARIN LEONEL','LEONBRANDON07@GMAIL.COM','8442469421','ESTADO DE MEXICO'),(175,'LEONEL ARRIAGA MARIN','LEONBRANDON07@GMAIL.COM','8442469421','ESTADO DE MEXICO'),(176,'MARIA OLIMPIA OLMOS GARCIA','-','3221743482','NAYARIT'),(177,'JOSE MANUEL VERDUZCO DE ANDA','-','3313150365','JALISCO'),(178,'CAZANDRA ELIZABETH RUIZ ROJAS','-','3311561660','JALISCO'),(179,'GABRIELA VILLASEÑOR','mariposa.negra12@hotmail.com','3921125832','JALISCO'),(180,'GABY VILLASEÑOR','mariposa.negra12@hotmail.com','3921125832','JALISCO'),(181,'ANDRES MENDOZA SOTO','-','3332018617','JALISCO'),(182,'JUAN ANTONIO MIRAMONTES RODRIGUEZ','rociomendezl@hotmail.com','4448437476','SAN LUIS POTOSI'),(183,'LUZ PATRICIA AVILA','ojitos8842012@hotmail.com','3326541528','JALISCO'),(184,'IDELFONSO VILLAREAR','-','62624096411','USA'),(185,'JULIAN LARA AGUILAR','-','7222521316','MEXICO'),(186,'HECTOR MARROQUIN RODRIGUEZ','-','6643690571','BAJA CALIFORNIA NORTE'),(187,'LUZ MARIA CRUZ RAMIREZ','-','3310224467','MEXICO');
/*!40000 ALTER TABLE `Clientes` ENABLE KEYS */;

--
-- Table structure for table `Empleados`
--

DROP TABLE IF EXISTS `Empleados`;
/*!40101 SET @saved_cs_client     = @@character_set_client */;
/*!40101 SET character_set_client = utf8 */;
CREATE TABLE `Empleados` (
  `id` int(10) unsigned NOT NULL AUTO_INCREMENT,
  `nombre` varchar(255) COLLATE utf8mb4_unicode_ci NOT NULL,
  `user` varchar(255) COLLATE utf8mb4_unicode_ci NOT NULL,
  `password` varchar(255) COLLATE utf8mb4_unicode_ci NOT NULL,
  `tipo` int(11) NOT NULL,
  `fincion` varchar(255) COLLATE utf8mb4_unicode_ci NOT NULL,
  `telefono` varchar(255) COLLATE utf8mb4_unicode_ci NOT NULL,
  `correo` varchar(255) COLLATE utf8mb4_unicode_ci NOT NULL,
  `creado` date NOT NULL,
  PRIMARY KEY (`id`)
) ENGINE=InnoDB AUTO_INCREMENT=7 DEFAULT CHARSET=utf8mb4 COLLATE=utf8mb4_unicode_ci;
/*!40101 SET character_set_client = @saved_cs_client */;

--
-- Dumping data for table `Empleados`
--

/*!40000 ALTER TABLE `Empleados` DISABLE KEYS */;
INSERT INTO `Empleados` VALUES (1,'admin Programador','adminVDS','1234',1,'admin','-----','-----','2019-08-24'),(2,'Lic. Salvador Delgado','chava','0311',1,'','3221364928','saldelte@hotmail.com','2019-08-30'),(4,'Lic Dulce Gomez','Lic Dulce','2016',1,'','3227793631','laedulcegomez@hotmail.com','2019-10-16'),(5,'Lic Yesenia Rodriguez Palomera','Yesy','1993',2,'','3221715351','yessi_baby_22@hotmail.com','2019-10-18'),(6,'ANGELA YAREMI CURIEL RAMIREZ','ANGELA','1810',2,'','3221737475','angelacurielr@gmail.com','2019-10-19');
/*!40000 ALTER TABLE `Empleados` ENABLE KEYS */;

--
-- Table structure for table `Habitaciones`
--

DROP TABLE IF EXISTS `Habitaciones`;
/*!40101 SET @saved_cs_client     = @@character_set_client */;
/*!40101 SET character_set_client = utf8 */;
CREATE TABLE `Habitaciones` (
  `id` int(10) unsigned NOT NULL AUTO_INCREMENT,
  `numero` varchar(255) COLLATE utf8mb4_unicode_ci NOT NULL,
  `capacidad` varchar(255) COLLATE utf8mb4_unicode_ci NOT NULL,
  `tipo` varchar(255) COLLATE utf8mb4_unicode_ci NOT NULL,
  `c1` varchar(255) COLLATE utf8mb4_unicode_ci NOT NULL,
  `c2` varchar(255) COLLATE utf8mb4_unicode_ci NOT NULL,
  `c3` varchar(255) COLLATE utf8mb4_unicode_ci NOT NULL,
  `pa` int(11) NOT NULL,
  `c4` int(11) NOT NULL,
  `c5` int(11) NOT NULL,
  `c6` int(11) NOT NULL,
  PRIMARY KEY (`id`)
) ENGINE=InnoDB AUTO_INCREMENT=40 DEFAULT CHARSET=utf8mb4 COLLATE=utf8mb4_unicode_ci;
/*!40101 SET character_set_client = @saved_cs_client */;

--
-- Dumping data for table `Habitaciones`
--

/*!40000 ALTER TABLE `Habitaciones` DISABLE KEYS */;
INSERT INTO `Habitaciones` VALUES (1,'109','2','v','600','800','700',1,900,1000,1200),(4,'306','2','v','600','800','700',1,900,1000,1200),(7,'110','2','v','600','800','700',1,900,1000,1200),(8,'111','2','v','600','800','700',1,900,1000,1200),(9,'307','2','v','600','800','700',1,900,1000,1200),(10,'104','2','s','800','1150','900',1,1250,1400,1600),(11,'108','2','s','850','1150','900',1,1250,1400,1600),(12,'308','2','s','750','950','800',1,1150,1200,1400),(13,'309','2','s','750','950','800',1,1150,1200,1400),(14,'310','2','s','850','1150','900',1,1250,1400,1600),(15,'401','2','s','850','1150','900',1,1250,1400,1600),(16,'101','4','s','1150','1400','1300',1,1750,2000,2700),(17,'102','4','v','950','1200','1550',1,0,0,0),(18,'103','4','v','950','1200','1000',1,1550,1800,2300),(19,'105','4','v','950','1200','1000',1,1550,1800,2300),(20,'112','4','v','950','1200','1000',1,1550,1800,2300),(21,'113','4','v','950','1200','1000',1,1550,1800,2300),(22,'114','4','v','950','1200','1000',1,1550,1800,2300),(23,'205','4','v','950','1200','1000',1,1550,1800,2300),(24,'209','4','s','1150','1400','1300',1,1750,2000,2700),(25,'210','4','s','1150','1400','1300',1,1750,2000,2700),(26,'207','4','s','1150','1400','1300',1,1750,2000,2700),(27,'305','4','s','1150','1400','1300',1,1750,2000,2700),(28,'106','6','v','1250','1500','1400',1,1900,2300,3000),(29,'107','6','v','1250','1500','1400',1,1900,2300,3000),(30,'206','6','v','1250','1500','1400',1,1900,2300,3000),(31,'208','6','v','1250','1500','1400',1,1900,2300,3000),(32,'201','6','s','1450','1700','1600',1,2100,2500,3400),(33,'202','6','s','1450','1700','1600',1,2100,2500,3400),(34,'203','6','s','1450','1700','1600',1,2100,2500,3400),(35,'204','6','s','1450','1700','1600',1,2100,2500,3400),(36,'301','6','s','1450','1700','1600',1,2100,2500,3400),(37,'302','6','s','1450','1700','1600',1,2100,2500,3400),(38,'303','6','s','1450','1700','1600',1,2100,2500,3400),(39,'304','6','s','1450','1700','1600',1,2100,2500,3400);
/*!40000 ALTER TABLE `Habitaciones` ENABLE KEYS */;

--
-- Table structure for table `Reservaciones`
--

DROP TABLE IF EXISTS `Reservaciones`;
/*!40101 SET @saved_cs_client     = @@character_set_client */;
/*!40101 SET character_set_client = utf8 */;
CREATE TABLE `Reservaciones` (
  `id` int(10) unsigned NOT NULL AUTO_INCREMENT,
  `idEmpleado` int(10) unsigned NOT NULL,
  `idCliente` int(10) unsigned NOT NULL,
  `idHabitacion` int(10) unsigned NOT NULL,
  `fechallegada` date NOT NULL,
  `fechasalida` date NOT NULL,
  `adultos` int(11) NOT NULL,
  `ninos` int(11) NOT NULL,
  `status` int(11) NOT NULL,
  `created_at` date NOT NULL,
  `folio` varchar(255) COLLATE utf8mb4_unicode_ci NOT NULL,
  `tipo` varchar(255) COLLATE utf8mb4_unicode_ci NOT NULL,
  `confirmado` tinyint(1) NOT NULL,
  `comentario` longtext COLLATE utf8mb4_unicode_ci NOT NULL,
  `price` varchar(255) COLLATE utf8mb4_unicode_ci NOT NULL,
  PRIMARY KEY (`id`),
  KEY `reservaciones_idempleado_foreign` (`idEmpleado`),
  KEY `reservaciones_idcliente_foreign` (`idCliente`),
  KEY `reservaciones_idhabitacion_foreign` (`idHabitacion`),
  CONSTRAINT `reservaciones_idcliente_foreign` FOREIGN KEY (`idCliente`) REFERENCES `Clientes` (`id`),
  CONSTRAINT `reservaciones_idempleado_foreign` FOREIGN KEY (`idEmpleado`) REFERENCES `Empleados` (`id`),
  CONSTRAINT `reservaciones_idhabitacion_foreign` FOREIGN KEY (`idHabitacion`) REFERENCES `Habitaciones` (`id`)
) ENGINE=InnoDB AUTO_INCREMENT=954 DEFAULT CHARSET=utf8mb4 COLLATE=utf8mb4_unicode_ci;
/*!40101 SET character_set_client = @saved_cs_client */;

--
-- Dumping data for table `Reservaciones`
--

/*!40000 ALTER TABLE `Reservaciones` DISABLE KEYS */;
INSERT INTO `Reservaciones` VALUES (107,2,33,1,'2019-09-05','2019-09-08',2,0,3,'2019-09-02','213C2DDB','RI',1,'ok',''),(301,1,49,18,'2019-09-04','2019-09-06',4,2,3,'2019-09-04','620D4959','RD',1,'ok','1900'),(302,1,50,7,'2019-09-04','2019-09-09',2,0,3,'2019-09-04','671B7E71','RD',1,'ok','3000'),(303,1,51,35,'2019-09-04','2019-09-05',5,0,3,'2019-09-04','74DA0562','RD',0,'ok','1450'),(304,1,52,9,'2019-09-06','2019-09-10',2,0,2,'2019-09-04','9AA4F5A7','RD',0,'ok','2400'),(306,1,54,1,'2019-09-08','2019-09-11',2,0,2,'2019-09-04','B83A211A','RI',0,'requiere planta baja','1800'),(327,1,56,7,'2019-09-24','2019-09-25',2,0,3,'2019-09-24','4FE0131F','RD',0,'se dio de cortesia la 110','8350'),(328,1,56,8,'2019-09-24','2019-09-25',2,0,3,'2019-09-24','4FE0131F','RD',0,'se dio de cortesia la 110','8350'),(329,1,56,17,'2019-09-24','2019-09-25',2,0,3,'2019-09-24','4FE0131F','RD',0,'se dio de cortesia la 110','8350'),(330,1,56,19,'2019-09-24','2019-09-25',2,0,3,'2019-09-24','4FE0131F','RD',0,'se dio de cortesia la 110','8350'),(331,1,56,20,'2019-09-24','2019-09-25',2,0,3,'2019-09-24','4FE0131F','RD',0,'se dio de cortesia la 110','8350'),(332,1,56,21,'2019-09-24','2019-09-25',2,0,3,'2019-09-24','4FE0131F','RD',0,'se dio de cortesia la 110','8350'),(333,1,56,22,'2019-09-24','2019-09-25',2,0,3,'2019-09-24','4FE0131F','RD',0,'se dio de cortesia la 110','8350'),(334,1,56,16,'2019-09-24','2019-09-25',2,0,3,'2019-09-24','4FE0131F','RD',0,'se dio de cortesia la 110','8350'),(335,1,56,29,'2019-09-24','2019-09-25',2,0,3,'2019-09-24','4FE0131F','RD',0,'se dio de cortesia la 110','8350'),(372,2,59,16,'2019-10-03','2019-10-03',2,0,2,'2019-10-03','CDFA1292','RI',0,'OK','0'),(373,2,59,24,'2019-10-03','2019-10-03',2,0,2,'2019-10-03','CDFA1292','RI',0,'OK','0'),(374,2,59,25,'2019-10-03','2019-10-03',2,0,2,'2019-10-03','CDFA1292','RI',0,'OK','0'),(375,2,59,26,'2019-10-03','2019-10-03',2,0,2,'2019-10-03','CDFA1292','RI',0,'OK','0'),(376,2,59,27,'2019-10-03','2019-10-03',2,0,2,'2019-10-03','CDFA1292','RI',0,'OK','0'),(377,2,59,32,'2019-10-03','2019-10-03',2,0,2,'2019-10-03','CDFA1292','RI',0,'OK','0'),(378,2,59,33,'2019-10-03','2019-10-03',2,0,2,'2019-10-03','CDFA1292','RI',0,'OK','0'),(379,2,59,34,'2019-10-03','2019-10-03',2,0,2,'2019-10-03','CDFA1292','RI',0,'OK','0'),(380,2,59,35,'2019-10-03','2019-10-03',2,0,2,'2019-10-03','CDFA1292','RI',0,'OK','0'),(381,2,59,36,'2019-10-03','2019-10-03',2,0,2,'2019-10-03','CDFA1292','RI',0,'OK','0'),(428,2,65,1,'2019-11-15','2019-11-18',2,0,2,'2019-10-14','76919131','RD',0,'OK','78'),(430,2,65,7,'2019-11-15','2019-11-18',2,0,2,'2019-10-14','76919131','RD',0,'OK','78'),(431,2,65,8,'2019-11-15','2019-11-18',2,0,2,'2019-10-14','76919131','RD',0,'OK','78'),(433,2,65,17,'2019-11-15','2019-11-18',2,0,2,'2019-10-14','76919131','RD',0,'OK','78'),(434,2,65,18,'2019-11-15','2019-11-18',2,0,2,'2019-10-14','76919131','RD',0,'OK','78'),(435,2,65,19,'2019-11-15','2019-11-18',2,0,2,'2019-10-14','76919131','RD',0,'OK','78'),(437,2,65,21,'2019-11-15','2019-11-18',2,0,2,'2019-10-14','76919131','RD',0,'OK','78'),(438,2,65,22,'2019-11-15','2019-11-18',2,0,2,'2019-10-14','76919131','RD',0,'OK','78'),(439,2,65,28,'2019-11-15','2019-11-18',2,0,2,'2019-10-14','76919131','RD',0,'OK','78'),(440,2,65,29,'2019-11-15','2019-11-18',2,0,2,'2019-10-14','76919131','RD',0,'OK','78'),(441,2,66,1,'2019-12-26','2020-01-01',2,0,2,'2019-10-14','80109766','RD',0,'OK','270'),(442,2,66,12,'2019-12-26','2020-01-01',2,0,2,'2019-10-14','80109766','RD',0,'OK','270'),(443,2,66,13,'2019-12-26','2020-01-01',2,0,2,'2019-10-14','80109766','RD',0,'OK','270'),(444,2,66,17,'2019-12-26','2020-01-01',2,0,2,'2019-10-14','80109766','RD',0,'OK','270'),(445,2,66,18,'2019-12-26','2020-01-01',2,0,2,'2019-10-14','80109766','RD',0,'OK','270'),(446,2,66,21,'2019-12-26','2020-01-01',2,0,2,'2019-10-14','80109766','RD',0,'OK','270'),(447,2,66,28,'2019-12-26','2020-01-01',2,0,2,'2019-10-14','80109766','RD',0,'OK','270'),(448,2,66,29,'2019-12-26','2020-01-01',2,0,2,'2019-10-14','80109766','RD',0,'OK','270'),(449,2,66,31,'2019-12-26','2020-01-01',2,0,2,'2019-10-14','80109766','RD',0,'OK','270'),(450,2,67,11,'2019-12-28','2020-01-02',2,0,2,'2019-10-14','88D5E1E7','RI',0,'OK','25'),(463,2,68,4,'2019-12-28','2020-01-02',2,0,2,'2019-10-14','A223FF25','RD',0,'LAS SUITES DE 4 SE HARAN PARA 6','300'),(464,2,68,9,'2019-12-28','2020-01-02',2,0,2,'2019-10-14','A223FF25','RD',0,'LAS SUITES DE 4 SE HARAN PARA 6','300'),(465,2,68,10,'2019-12-28','2020-01-02',2,0,2,'2019-10-14','A223FF25','RD',0,'LAS SUITES DE 4 SE HARAN PARA 6','300'),(466,2,68,14,'2019-12-28','2020-01-02',2,0,2,'2019-10-14','A223FF25','RD',0,'LAS SUITES DE 4 SE HARAN PARA 6','300'),(467,2,68,15,'2019-12-28','2020-01-02',2,0,2,'2019-10-14','A223FF25','RD',0,'LAS SUITES DE 4 SE HARAN PARA 6','300'),(468,2,68,19,'2019-12-28','2020-01-02',2,0,2,'2019-10-14','A223FF25','RD',0,'LAS SUITES DE 4 SE HARAN PARA 6','300'),(469,2,68,22,'2019-12-28','2020-01-02',2,0,2,'2019-10-14','A223FF25','RD',0,'LAS SUITES DE 4 SE HARAN PARA 6','300'),(470,2,68,23,'2019-12-28','2020-01-02',2,0,2,'2019-10-14','A223FF25','RD',0,'LAS SUITES DE 4 SE HARAN PARA 6','300'),(471,2,68,16,'2019-12-28','2020-01-02',2,0,2,'2019-10-14','A223FF25','RD',0,'LAS SUITES DE 4 SE HARAN PARA 6','300'),(472,2,68,25,'2019-12-28','2020-01-02',2,0,2,'2019-10-14','A223FF25','RD',0,'LAS SUITES DE 4 SE HARAN PARA 6','300'),(473,2,68,26,'2019-12-28','2020-01-02',2,0,2,'2019-10-14','A223FF25','RD',0,'LAS SUITES DE 4 SE HARAN PARA 6','300'),(474,2,68,27,'2019-12-28','2020-01-02',2,0,2,'2019-10-14','A223FF25','RD',0,'LAS SUITES DE 4 SE HARAN PARA 6','300'),(475,2,69,14,'2019-12-22','2019-12-27',2,0,2,'2019-10-14','B3A655C4','RF',0,'OK','20'),(476,2,70,1,'2019-12-21','2019-12-25',2,0,2,'2019-10-14','C255C822','RI',0,'TEL DE CASA 553 917 5322','176'),(477,2,70,4,'2019-12-21','2019-12-25',2,0,2,'2019-10-14','C255C822','RI',0,'TEL DE CASA 553 917 5322','176'),(478,2,70,7,'2019-12-21','2019-12-25',2,0,2,'2019-10-14','C255C822','RI',0,'TEL DE CASA 553 917 5322','176'),(479,2,70,8,'2019-12-21','2019-12-25',2,0,2,'2019-10-14','C255C822','RI',0,'TEL DE CASA 553 917 5322','176'),(480,2,70,9,'2019-12-21','2019-12-25',2,0,2,'2019-10-14','C255C822','RI',0,'TEL DE CASA 553 917 5322','176'),(481,2,70,18,'2019-12-21','2019-12-25',2,0,2,'2019-10-14','C255C822','RI',0,'TEL DE CASA 553 917 5322','176'),(482,2,70,19,'2019-12-21','2019-12-25',2,0,2,'2019-10-14','C255C822','RI',0,'TEL DE CASA 553 917 5322','176'),(484,2,70,21,'2019-12-21','2019-12-25',2,0,2,'2019-10-14','C255C822','RI',0,'TEL DE CASA 553 917 5322','176'),(485,2,70,22,'2019-12-21','2019-12-25',2,0,2,'2019-10-14','C255C822','RI',0,'TEL DE CASA 553 917 5322','176'),(486,2,70,23,'2019-12-21','2019-12-25',2,0,2,'2019-10-14','C255C822','RI',0,'TEL DE CASA 553 917 5322','176'),(488,2,71,18,'2019-11-09','2019-11-11',2,0,2,'2019-10-14','D4F5EB25','RI',0,'AGREGO LA VILLA PARA 2 EL 29 DE JUNIO','44'),(489,2,71,19,'2019-11-09','2019-11-11',2,0,2,'2019-10-14','D4F5EB25','RI',0,'AGREGO LA VILLA PARA 2 EL 29 DE JUNIO','44'),(490,2,71,22,'2019-11-09','2019-11-11',2,0,2,'2019-10-14','D4F5EB25','RI',0,'AGREGO LA VILLA PARA 2 EL 29 DE JUNIO','44'),(491,2,71,24,'2019-11-09','2019-11-11',2,0,2,'2019-10-14','D4F5EB25','RI',0,'AGREGO LA VILLA PARA 2 EL 29 DE JUNIO','44'),(492,2,71,25,'2019-11-09','2019-11-11',2,0,2,'2019-10-14','D4F5EB25','RI',0,'AGREGO LA VILLA PARA 2 EL 29 DE JUNIO','44'),(493,2,71,27,'2019-11-09','2019-11-11',2,0,2,'2019-10-14','D4F5EB25','RI',0,'AGREGO LA VILLA PARA 2 EL 29 DE JUNIO','44'),(494,2,71,28,'2019-11-09','2019-11-11',2,0,2,'2019-10-14','D4F5EB25','RI',0,'AGREGO LA VILLA PARA 2 EL 29 DE JUNIO','44'),(495,2,71,29,'2019-11-09','2019-11-11',2,0,2,'2019-10-14','D4F5EB25','RI',0,'AGREGO LA VILLA PARA 2 EL 29 DE JUNIO','44'),(496,2,71,30,'2019-11-09','2019-11-11',2,0,2,'2019-10-14','D4F5EB25','RI',0,'AGREGO LA VILLA PARA 2 EL 29 DE JUNIO','44'),(497,2,71,31,'2019-11-09','2019-11-11',2,0,2,'2019-10-14','D4F5EB25','RI',0,'AGREGO LA VILLA PARA 2 EL 29 DE JUNIO','44'),(498,2,72,7,'2019-11-21','2019-11-24',2,0,2,'2019-10-14','DFDECCED','RR',0,'TERCERA NOCHE GRATIS','96'),(499,2,72,8,'2019-11-21','2019-11-24',2,0,2,'2019-10-14','DFDECCED','RR',0,'TERCERA NOCHE GRATIS','96'),(500,2,72,17,'2019-11-21','2019-11-24',2,0,2,'2019-10-14','DFDECCED','RR',0,'TERCERA NOCHE GRATIS','96'),(501,2,72,18,'2019-11-21','2019-11-24',2,0,2,'2019-10-14','DFDECCED','RR',0,'TERCERA NOCHE GRATIS','96'),(502,2,72,19,'2019-11-21','2019-11-24',2,0,2,'2019-10-14','DFDECCED','RR',0,'TERCERA NOCHE GRATIS','96'),(504,2,72,21,'2019-11-21','2019-11-24',2,0,2,'2019-10-14','DFDECCED','RR',0,'TERCERA NOCHE GRATIS','96'),(505,2,72,22,'2019-11-21','2019-11-24',2,0,2,'2019-10-14','DFDECCED','RR',0,'TERCERA NOCHE GRATIS','96'),(506,2,72,23,'2019-11-21','2019-11-24',2,0,2,'2019-10-14','DFDECCED','RR',0,'TERCERA NOCHE GRATIS','96'),(507,2,72,16,'2019-11-21','2019-11-24',2,0,2,'2019-10-14','DFDECCED','RR',0,'TERCERA NOCHE GRATIS','96'),(508,2,72,24,'2019-11-21','2019-11-24',2,0,2,'2019-10-14','DFDECCED','RR',0,'TERCERA NOCHE GRATIS','96'),(509,2,72,25,'2019-11-21','2019-11-24',2,0,2,'2019-10-14','DFDECCED','RR',0,'TERCERA NOCHE GRATIS','96'),(510,2,72,26,'2019-11-21','2019-11-24',2,0,2,'2019-10-14','DFDECCED','RR',0,'TERCERA NOCHE GRATIS','96'),(511,2,72,27,'2019-11-21','2019-11-24',2,0,2,'2019-10-14','DFDECCED','RR',0,'TERCERA NOCHE GRATIS','96'),(512,2,72,29,'2019-11-21','2019-11-24',2,0,2,'2019-10-14','DFDECCED','RR',0,'TERCERA NOCHE GRATIS','96'),(513,2,72,30,'2019-11-21','2019-11-24',2,0,2,'2019-10-14','DFDECCED','RR',0,'TERCERA NOCHE GRATIS','96'),(514,2,74,1,'2019-11-29','2019-12-01',2,0,2,'2019-10-14','F4F1FD39','RD',0,'OK','124'),(515,2,74,4,'2019-11-29','2019-12-01',2,0,2,'2019-10-14','F4F1FD39','RD',0,'OK','124'),(516,2,74,7,'2019-11-29','2019-12-01',2,0,2,'2019-10-14','F4F1FD39','RD',0,'OK','124'),(517,2,74,8,'2019-11-29','2019-12-01',2,0,2,'2019-10-14','F4F1FD39','RD',0,'OK','124'),(518,2,74,9,'2019-11-29','2019-12-01',2,0,2,'2019-10-14','F4F1FD39','RD',0,'OK','124'),(519,2,74,10,'2019-11-29','2019-12-01',2,0,2,'2019-10-14','F4F1FD39','RD',0,'OK','124'),(520,2,74,11,'2019-11-29','2019-12-01',2,0,2,'2019-10-14','F4F1FD39','RD',0,'OK','124'),(521,2,74,12,'2019-11-29','2019-12-01',2,0,2,'2019-10-14','F4F1FD39','RD',0,'OK','124'),(522,2,74,13,'2019-11-29','2019-12-01',2,0,2,'2019-10-14','F4F1FD39','RD',0,'OK','124'),(523,2,74,14,'2019-11-29','2019-12-01',2,0,2,'2019-10-14','F4F1FD39','RD',0,'OK','124'),(524,2,74,15,'2019-11-29','2019-12-01',2,0,2,'2019-10-14','F4F1FD39','RD',0,'OK','124'),(525,2,74,17,'2019-11-29','2019-12-01',2,0,2,'2019-10-14','F4F1FD39','RD',0,'OK','124'),(526,2,74,18,'2019-11-29','2019-12-01',2,0,2,'2019-10-14','F4F1FD39','RD',0,'OK','124'),(527,2,74,19,'2019-11-29','2019-12-01',2,0,2,'2019-10-14','F4F1FD39','RD',0,'OK','124'),(528,2,74,21,'2019-11-29','2019-12-01',2,0,2,'2019-10-14','F4F1FD39','RD',0,'OK','124'),(529,2,74,22,'2019-11-29','2019-12-01',2,0,2,'2019-10-14','F4F1FD39','RD',0,'OK','124'),(530,2,74,23,'2019-11-29','2019-12-01',2,0,2,'2019-10-14','F4F1FD39','RD',0,'OK','124'),(531,2,74,16,'2019-11-29','2019-12-01',2,0,2,'2019-10-14','F4F1FD39','RD',0,'OK','124'),(532,2,74,24,'2019-11-29','2019-12-01',2,0,2,'2019-10-14','F4F1FD39','RD',0,'OK','124'),(533,2,74,25,'2019-11-29','2019-12-01',2,0,2,'2019-10-14','F4F1FD39','RD',0,'OK','124'),(534,2,74,26,'2019-11-29','2019-12-01',2,0,2,'2019-10-14','F4F1FD39','RD',0,'OK','124'),(535,2,74,28,'2019-11-29','2019-12-01',2,0,2,'2019-10-14','F4F1FD39','RD',0,'OK','124'),(536,2,74,29,'2019-11-29','2019-12-01',2,0,2,'2019-10-14','F4F1FD39','RD',0,'OK','124'),(537,2,74,30,'2019-11-29','2019-12-01',2,0,2,'2019-10-14','F4F1FD39','RD',0,'OK','124'),(538,2,74,31,'2019-11-29','2019-12-01',2,0,2,'2019-10-14','F4F1FD39','RD',0,'OK','124'),(539,2,74,32,'2019-11-29','2019-12-01',2,0,2,'2019-10-14','F4F1FD39','RD',0,'OK','124'),(540,2,74,34,'2019-11-29','2019-12-01',2,0,2,'2019-10-14','F4F1FD39','RD',0,'OK','124'),(541,2,74,35,'2019-11-29','2019-12-01',2,0,2,'2019-10-14','F4F1FD39','RD',0,'OK','124'),(542,2,74,36,'2019-11-29','2019-12-01',2,0,2,'2019-10-14','F4F1FD39','RD',0,'OK','124'),(543,2,74,37,'2019-11-29','2019-12-01',2,0,2,'2019-10-14','F4F1FD39','RD',0,'OK','124'),(544,2,74,39,'2019-11-29','2019-12-01',2,0,2,'2019-10-14','F4F1FD39','RD',0,'OK','124'),(545,2,74,27,'2019-11-29','2019-12-01',4,0,2,'2019-10-14','FE3F2B60','RD',0,'OK','4'),(546,2,75,1,'2019-11-22','2019-11-24',2,0,2,'2019-10-14','0A339A79','RD',0,'OK','40'),(547,2,75,4,'2019-11-22','2019-11-24',2,0,2,'2019-10-14','0A339A79','RD',0,'OK','40'),(548,2,75,9,'2019-11-22','2019-11-24',2,0,2,'2019-10-14','0A339A79','RD',0,'OK','40'),(549,2,75,12,'2019-11-22','2019-11-24',2,0,2,'2019-10-14','0A339A79','RD',0,'OK','40'),(550,2,75,32,'2019-11-22','2019-11-24',2,0,2,'2019-10-14','0A339A79','RD',0,'OK','40'),(551,2,75,33,'2019-11-22','2019-11-24',2,0,2,'2019-10-14','0A339A79','RD',0,'OK','40'),(552,2,75,35,'2019-11-22','2019-11-24',2,0,2,'2019-10-14','0A339A79','RD',0,'OK','40'),(553,2,75,36,'2019-11-22','2019-11-24',2,0,2,'2019-10-14','0A339A79','RD',0,'OK','40'),(554,2,75,37,'2019-11-22','2019-11-24',2,0,2,'2019-10-14','0A339A79','RD',0,'OK','40'),(555,2,75,39,'2019-11-22','2019-11-24',2,0,2,'2019-10-14','0A339A79','RD',0,'OK','40'),(556,2,76,32,'2019-12-26','2019-12-30',6,0,2,'2019-10-14','1937CCF1','RI',0,'OK','20'),(557,2,77,10,'2019-11-15','2019-11-19',2,0,2,'2019-10-14','2C994FF9','RD',0,'OK','176'),(558,2,77,11,'2019-11-15','2019-11-19',2,0,2,'2019-10-14','2C994FF9','RD',0,'OK','176'),(559,2,77,12,'2019-11-15','2019-11-19',2,0,2,'2019-10-14','2C994FF9','RD',0,'OK','176'),(560,2,77,13,'2019-11-15','2019-11-19',2,0,2,'2019-10-14','2C994FF9','RD',0,'OK','176'),(561,2,77,14,'2019-11-15','2019-11-19',2,0,2,'2019-10-14','2C994FF9','RD',0,'OK','176'),(562,2,77,15,'2019-11-15','2019-11-19',2,0,2,'2019-10-14','2C994FF9','RD',0,'OK','176'),(563,2,77,23,'2019-11-15','2019-11-19',2,0,2,'2019-10-14','2C994FF9','RD',0,'OK','176'),(564,2,77,16,'2019-11-15','2019-11-19',2,0,2,'2019-10-14','2C994FF9','RD',0,'OK','176'),(565,2,77,24,'2019-11-15','2019-11-19',2,0,2,'2019-10-14','2C994FF9','RD',0,'OK','176'),(566,2,77,25,'2019-11-15','2019-11-19',2,0,2,'2019-10-14','2C994FF9','RD',0,'OK','176'),(567,2,77,26,'2019-11-15','2019-11-19',2,0,2,'2019-10-14','2C994FF9','RD',0,'OK','176'),(568,2,77,27,'2019-11-15','2019-11-19',2,0,2,'2019-10-14','2C994FF9','RD',0,'OK','176'),(569,2,77,30,'2019-11-15','2019-11-19',2,0,2,'2019-10-14','2C994FF9','RD',0,'OK','176'),(570,2,77,31,'2019-11-15','2019-11-19',2,0,2,'2019-10-14','2C994FF9','RD',0,'OK','176'),(571,2,77,32,'2019-11-15','2019-11-19',2,0,2,'2019-10-14','2C994FF9','RD',0,'OK','176'),(572,2,77,33,'2019-11-15','2019-11-19',2,0,2,'2019-10-14','2C994FF9','RD',0,'OK','176'),(580,2,79,7,'2019-12-29','2020-01-02',2,0,2,'2019-10-14','50B46BFC','RD',0,'OK','160'),(581,2,79,8,'2019-12-29','2020-01-02',2,0,2,'2019-10-14','50B46BFC','RD',0,'OK','160'),(582,2,79,24,'2019-12-29','2020-01-02',2,0,2,'2019-10-14','50B46BFC','RD',0,'OK','160'),(583,2,79,34,'2019-12-29','2020-01-02',2,0,2,'2019-10-14','50B46BFC','RD',0,'OK','160'),(584,2,79,35,'2019-12-29','2020-01-02',2,0,2,'2019-10-14','50B46BFC','RD',0,'OK','160'),(585,2,79,36,'2019-12-29','2020-01-02',2,0,2,'2019-10-14','50B46BFC','RD',0,'OK','160'),(586,2,79,37,'2019-12-29','2020-01-02',2,0,2,'2019-10-14','50B46BFC','RD',0,'OK','160'),(587,2,79,39,'2019-12-29','2020-01-02',2,0,2,'2019-10-14','50B46BFC','RD',0,'OK','160'),(588,2,80,8,'2019-12-25','2019-12-29',2,0,2,'2019-10-14','5A5488E6','RI',0,'OK','40'),(589,2,80,30,'2019-12-25','2019-12-29',2,0,2,'2019-10-14','5A5488E6','RI',0,'OK','40'),(590,2,81,1,'2019-12-05','2019-12-08',2,0,2,'2019-10-14','67A3BA12','RI',0,'OK','90'),(591,2,81,4,'2019-12-05','2019-12-08',2,0,2,'2019-10-14','67A3BA12','RI',0,'OK','90'),(592,2,81,7,'2019-12-05','2019-12-08',2,0,2,'2019-10-14','67A3BA12','RI',0,'OK','90'),(593,2,81,8,'2019-12-05','2019-12-08',2,0,2,'2019-10-14','67A3BA12','RI',0,'OK','90'),(594,2,81,9,'2019-12-05','2019-12-08',2,0,2,'2019-10-14','67A3BA12','RI',0,'OK','90'),(595,2,81,17,'2019-12-05','2019-12-08',2,0,2,'2019-10-14','67A3BA12','RI',0,'OK','90'),(596,2,81,18,'2019-12-05','2019-12-08',2,0,2,'2019-10-14','67A3BA12','RI',0,'OK','90'),(597,2,81,19,'2019-12-05','2019-12-08',2,0,2,'2019-10-14','67A3BA12','RI',0,'OK','90'),(598,2,81,21,'2019-12-05','2019-12-08',2,0,2,'2019-10-14','67A3BA12','RI',0,'OK','90'),(599,2,81,22,'2019-12-05','2019-12-08',2,0,2,'2019-10-14','67A3BA12','RI',0,'OK','90'),(600,2,81,23,'2019-12-05','2019-12-08',2,0,2,'2019-10-14','67A3BA12','RI',0,'OK','90'),(601,2,81,28,'2019-12-05','2019-12-08',2,0,2,'2019-10-14','67A3BA12','RI',0,'OK','90'),(602,2,81,29,'2019-12-05','2019-12-08',2,0,2,'2019-10-14','67A3BA12','RI',0,'OK','90'),(603,2,81,30,'2019-12-05','2019-12-08',2,0,2,'2019-10-14','67A3BA12','RI',0,'OK','90'),(604,2,81,31,'2019-12-05','2019-12-08',2,0,2,'2019-10-14','67A3BA12','RI',0,'OK','90'),(605,2,82,7,'2019-12-14','2019-12-18',2,0,2,'2019-10-14','7086AAF1','RI',0,'OK','40'),(606,2,82,11,'2019-12-14','2019-12-18',2,0,2,'2019-10-14','7086AAF1','RI',0,'OK','40'),(607,2,82,17,'2019-12-14','2019-12-18',2,0,2,'2019-10-14','7086AAF1','RI',0,'OK','40'),(608,2,82,28,'2019-12-14','2019-12-18',2,0,2,'2019-10-14','7086AAF1','RI',0,'OK','40'),(609,2,82,29,'2019-12-14','2019-12-18',2,0,2,'2019-10-14','7086AAF1','RI',0,'OK','40'),(610,2,85,1,'2019-11-01','2019-11-03',2,0,2,'2019-10-14','94C6AB41','RD',0,'OK','52'),(611,2,85,4,'2019-11-01','2019-11-03',2,0,2,'2019-10-14','94C6AB41','RD',0,'OK','52'),(612,2,85,7,'2019-11-01','2019-11-03',2,0,2,'2019-10-14','94C6AB41','RD',0,'OK','52'),(613,2,85,8,'2019-11-01','2019-11-03',2,0,2,'2019-10-14','94C6AB41','RD',0,'OK','52'),(614,2,85,9,'2019-11-01','2019-11-03',2,0,2,'2019-10-14','94C6AB41','RD',0,'OK','52'),(615,2,85,10,'2019-11-01','2019-11-03',2,0,2,'2019-10-14','94C6AB41','RD',0,'OK','52'),(616,2,85,11,'2019-11-01','2019-11-03',2,0,2,'2019-10-14','94C6AB41','RD',0,'OK','52'),(617,2,85,12,'2019-11-01','2019-11-03',2,0,2,'2019-10-14','94C6AB41','RD',0,'OK','52'),(618,2,85,13,'2019-11-01','2019-11-03',2,0,2,'2019-10-14','94C6AB41','RD',0,'OK','52'),(619,2,85,14,'2019-11-01','2019-11-03',2,0,2,'2019-10-14','94C6AB41','RD',0,'OK','52'),(620,2,85,15,'2019-11-01','2019-11-03',2,0,2,'2019-10-14','94C6AB41','RD',0,'OK','52'),(621,2,85,32,'2019-11-01','2019-11-03',2,0,2,'2019-10-14','94C6AB41','RD',0,'OK','52'),(622,2,85,33,'2019-11-01','2019-11-03',2,0,2,'2019-10-14','94C6AB41','RD',0,'OK','52'),(623,2,86,10,'2019-11-06','2019-11-09',2,0,2,'2019-10-14','A4F95738','RD',0,'NO LE GUSTA LA HUMEDAD DE LA 103','45'),(624,2,86,11,'2019-11-06','2019-11-09',2,0,2,'2019-10-14','A4F95738','RD',0,'NO LE GUSTA LA HUMEDAD DE LA 103','45'),(625,2,86,14,'2019-11-06','2019-11-09',2,0,2,'2019-10-14','A4F95738','RD',0,'NO LE GUSTA LA HUMEDAD DE LA 103','45'),(626,2,86,15,'2019-11-06','2019-11-09',2,0,2,'2019-10-14','A4F95738','RD',0,'NO LE GUSTA LA HUMEDAD DE LA 103','45'),(627,2,86,17,'2019-11-06','2019-11-09',2,0,2,'2019-10-14','A4F95738','RD',0,'NO LE GUSTA LA HUMEDAD DE LA 103','45'),(628,2,86,19,'2019-11-06','2019-11-09',2,0,2,'2019-10-14','A4F95738','RD',0,'NO LE GUSTA LA HUMEDAD DE LA 103','45'),(630,2,86,22,'2019-11-06','2019-11-09',2,0,2,'2019-10-14','A4F95738','RD',0,'NO LE GUSTA LA HUMEDAD DE LA 103','45'),(631,2,86,24,'2019-11-06','2019-11-09',2,0,2,'2019-10-14','A4F95738','RD',0,'NO LE GUSTA LA HUMEDAD DE LA 103','45'),(632,2,86,25,'2019-11-06','2019-11-09',2,0,2,'2019-10-14','A4F95738','RD',0,'NO LE GUSTA LA HUMEDAD DE LA 103','45'),(633,2,86,26,'2019-11-06','2019-11-09',2,0,2,'2019-10-14','A4F95738','RD',0,'NO LE GUSTA LA HUMEDAD DE LA 103','45'),(634,2,86,27,'2019-11-06','2019-11-09',2,0,2,'2019-10-14','A4F95738','RD',0,'NO LE GUSTA LA HUMEDAD DE LA 103','45'),(635,2,86,28,'2019-11-06','2019-11-09',2,0,2,'2019-10-14','A4F95738','RD',0,'NO LE GUSTA LA HUMEDAD DE LA 103','45'),(636,2,86,29,'2019-11-06','2019-11-09',2,0,2,'2019-10-14','A4F95738','RD',0,'NO LE GUSTA LA HUMEDAD DE LA 103','45'),(637,2,86,30,'2019-11-06','2019-11-09',2,0,2,'2019-10-14','A4F95738','RD',0,'NO LE GUSTA LA HUMEDAD DE LA 103','45'),(638,2,87,10,'2019-12-21','2019-12-25',2,0,2,'2019-10-14','BB964595','RD',0,'OK','256'),(639,2,87,11,'2019-12-21','2019-12-25',2,0,2,'2019-10-14','BB964595','RD',0,'OK','256'),(640,2,87,13,'2019-12-21','2019-12-25',2,0,2,'2019-10-14','BB964595','RD',0,'OK','256'),(641,2,87,15,'2019-12-21','2019-12-25',2,0,2,'2019-10-14','BB964595','RD',0,'OK','256'),(642,2,87,24,'2019-12-21','2019-12-25',2,0,2,'2019-10-14','BB964595','RD',0,'OK','256'),(643,2,87,25,'2019-12-21','2019-12-25',2,0,2,'2019-10-14','BB964595','RD',0,'OK','256'),(644,2,87,26,'2019-12-21','2019-12-25',2,0,2,'2019-10-14','BB964595','RD',0,'OK','256'),(645,2,87,27,'2019-12-21','2019-12-25',2,0,2,'2019-10-14','BB964595','RD',0,'OK','256'),(646,2,87,30,'2019-12-21','2019-12-25',2,0,2,'2019-10-14','BB964595','RD',0,'OK','256'),(647,2,87,31,'2019-12-21','2019-12-25',2,0,2,'2019-10-14','BB964595','RD',0,'OK','256'),(648,2,87,32,'2019-12-21','2019-12-25',2,0,2,'2019-10-14','BB964595','RD',0,'OK','256'),(649,2,87,34,'2019-12-21','2019-12-25',2,0,2,'2019-10-14','BB964595','RD',0,'OK','256'),(650,2,87,35,'2019-12-21','2019-12-25',2,0,2,'2019-10-14','BB964595','RD',0,'OK','256'),(651,2,87,36,'2019-12-21','2019-12-25',2,0,2,'2019-10-14','BB964595','RD',0,'OK','256'),(652,2,87,37,'2019-12-21','2019-12-25',2,0,2,'2019-10-14','BB964595','RD',0,'OK','256'),(653,2,87,39,'2019-12-21','2019-12-25',2,0,2,'2019-10-14','BB964595','RD',0,'OK','256'),(654,2,88,14,'2019-11-03','2019-11-05',2,0,2,'2019-10-14','C6DDA7EE','RI',0,'OK','2'),(655,2,89,19,'2019-12-25','2019-12-28',4,0,2,'2019-10-14','D5FBB5F8','RI',0,'OK','60'),(656,2,89,22,'2019-12-25','2019-12-28',4,0,2,'2019-10-14','D5FBB5F8','RI',0,'OK','60'),(657,2,89,37,'2019-12-25','2019-12-28',4,0,2,'2019-10-14','D5FBB5F8','RI',0,'OK','60'),(658,2,89,39,'2019-12-25','2019-12-28',4,0,2,'2019-10-14','D5FBB5F8','RI',0,'OK','60'),(659,2,90,21,'2019-10-31','2019-11-04',4,0,2,'2019-10-14','E22218AB','RI',0,'OK','3800'),(660,2,91,17,'2019-12-01','2019-12-05',4,0,2,'2019-10-14','E9E2CAB1','RI',0,'REQUIERE DOS CAMAS, ES CHOFER Y SU GENTE SE QUEDARA EN COSTA ALEGRE','4'),(661,2,92,8,'2020-01-02','2020-01-05',2,0,2,'2019-10-14','F64AD8F2','RI',0,'OK','28500'),(663,2,92,18,'2020-01-02','2020-01-05',2,0,2,'2019-10-14','F64AD8F2','RI',0,'OK','28500'),(664,2,92,19,'2020-01-02','2020-01-05',2,0,2,'2019-10-14','F64AD8F2','RI',0,'OK','28500'),(665,2,92,21,'2020-01-02','2020-01-05',2,0,2,'2019-10-14','F64AD8F2','RI',0,'OK','28500'),(666,2,92,23,'2020-01-02','2020-01-05',2,0,2,'2019-10-14','F64AD8F2','RI',0,'OK','28500'),(667,2,92,29,'2020-01-02','2020-01-05',2,0,2,'2019-10-14','F64AD8F2','RI',0,'OK','28500'),(668,2,92,35,'2020-01-02','2020-01-05',2,0,2,'2019-10-14','F64AD8F2','RI',0,'OK','28500'),(669,2,92,36,'2020-01-02','2020-01-05',2,0,2,'2019-10-14','F64AD8F2','RI',0,'OK','28500'),(670,2,93,16,'2019-11-07','2019-11-11',4,0,2,'2019-10-14','1D15E467','RI',0,'OK','8'),(671,2,94,1,'2019-11-07','2019-11-10',2,0,2,'2019-10-14','2A31CBF1','RD',0,'OK','54'),(672,2,94,4,'2019-11-07','2019-11-10',2,0,2,'2019-10-14','2A31CBF1','RD',0,'OK','54'),(673,2,94,7,'2019-11-07','2019-11-10',2,0,2,'2019-10-14','2A31CBF1','RD',0,'OK','54'),(674,2,94,9,'2019-11-07','2019-11-10',2,0,2,'2019-10-14','2A31CBF1','RD',0,'OK','54'),(675,2,94,12,'2019-11-07','2019-11-10',2,0,2,'2019-10-14','2A31CBF1','RD',0,'OK','54'),(676,2,94,13,'2019-11-07','2019-11-10',2,0,2,'2019-10-14','2A31CBF1','RD',0,'OK','54'),(677,2,94,23,'2019-11-07','2019-11-10',2,0,2,'2019-10-14','2A31CBF1','RD',0,'OK','54'),(678,2,94,32,'2019-11-07','2019-11-10',2,0,2,'2019-10-14','2A31CBF1','RD',0,'OK','54'),(679,2,94,33,'2019-11-07','2019-11-10',2,0,2,'2019-10-14','2A31CBF1','RD',0,'OK','54'),(680,2,94,21,'2019-11-07','2019-11-10',4,0,2,'2019-10-14','32454271','RD',0,'OK','6'),(683,2,99,11,'2019-10-16','2019-10-18',2,0,3,'2019-10-16','03201D2A','RD',0,'2100 POR LAS TRES NOCHES CON CAMBIO A LA 104','10'),(685,2,100,18,'2019-10-16','2019-10-18',4,0,3,'2019-10-16','15CC0B25','RC',0,'1350','1900'),(686,2,101,4,'2019-12-01','2019-12-03',2,0,2,'2019-10-16','34BA32B2','RF',0,'OK','38'),(687,2,101,8,'2019-12-01','2019-12-03',2,0,2,'2019-10-16','34BA32B2','RF',0,'OK','38'),(688,2,101,9,'2019-12-01','2019-12-03',2,0,2,'2019-10-16','34BA32B2','RF',0,'OK','38'),(689,2,101,1,'2019-12-01','2019-12-03',2,0,2,'2019-10-16','34BA32B2','RF',0,'OK','38'),(690,2,101,7,'2019-12-01','2019-12-03',2,0,2,'2019-10-16','34BA32B2','RF',0,'OK','38'),(691,2,101,10,'2019-12-01','2019-12-03',2,0,2,'2019-10-16','34BA32B2','RF',0,'OK','38'),(692,2,101,11,'2019-12-01','2019-12-03',2,0,2,'2019-10-16','34BA32B2','RF',0,'OK','38'),(693,2,101,12,'2019-12-01','2019-12-03',2,0,2,'2019-10-16','34BA32B2','RF',0,'OK','38'),(694,2,101,13,'2019-12-01','2019-12-03',2,0,2,'2019-10-16','34BA32B2','RF',0,'OK','38'),(695,2,101,14,'2019-12-01','2019-12-03',2,0,2,'2019-10-16','34BA32B2','RF',0,'OK','38'),(696,2,101,15,'2019-12-01','2019-12-03',2,0,2,'2019-10-16','34BA32B2','RF',0,'OK','38'),(697,2,101,21,'2019-12-01','2019-12-03',2,0,2,'2019-10-16','34BA32B2','RF',0,'OK','38'),(698,2,101,22,'2019-12-01','2019-12-03',2,0,2,'2019-10-16','34BA32B2','RF',0,'OK','38'),(699,2,101,26,'2019-12-01','2019-12-03',2,0,2,'2019-10-16','34BA32B2','RF',0,'OK','38'),(700,2,101,28,'2019-12-01','2019-12-03',2,0,2,'2019-10-16','34BA32B2','RF',0,'OK','38'),(701,2,101,29,'2019-12-01','2019-12-03',2,0,2,'2019-10-16','34BA32B2','RF',0,'OK','38'),(702,2,101,30,'2019-12-01','2019-12-03',2,0,2,'2019-10-16','34BA32B2','RF',0,'OK','38'),(703,2,101,31,'2019-12-01','2019-12-03',2,0,2,'2019-10-16','34BA32B2','RF',0,'OK','38'),(704,2,101,32,'2019-12-01','2019-12-03',2,0,2,'2019-10-16','34BA32B2','RF',0,'OK','38'),(705,2,103,4,'2019-11-04','2019-11-07',2,0,2,'2019-10-16','457D0150','RR',0,'PRIMA DEL SR UGALDE','39'),(706,2,103,9,'2019-11-04','2019-11-07',2,0,2,'2019-10-16','457D0150','RR',0,'PRIMA DEL SR UGALDE','39'),(707,2,103,1,'2019-11-04','2019-11-07',2,0,2,'2019-10-16','457D0150','RR',0,'PRIMA DEL SR UGALDE','39'),(708,2,103,7,'2019-11-04','2019-11-07',2,0,2,'2019-10-16','457D0150','RR',0,'PRIMA DEL SR UGALDE','39'),(709,2,103,12,'2019-11-04','2019-11-07',2,0,2,'2019-10-16','457D0150','RR',0,'PRIMA DEL SR UGALDE','39'),(710,2,103,13,'2019-11-04','2019-11-07',2,0,2,'2019-10-16','457D0150','RR',0,'PRIMA DEL SR UGALDE','39'),(711,2,103,21,'2019-11-04','2019-11-07',2,0,2,'2019-10-16','457D0150','RR',0,'PRIMA DEL SR UGALDE','39'),(712,2,103,23,'2019-11-04','2019-11-07',2,0,2,'2019-10-16','457D0150','RR',0,'PRIMA DEL SR UGALDE','39'),(713,2,103,31,'2019-11-04','2019-11-07',2,0,2,'2019-10-16','457D0150','RR',0,'PRIMA DEL SR UGALDE','39'),(714,2,103,36,'2019-11-04','2019-11-07',2,0,2,'2019-10-16','457D0150','RR',0,'PRIMA DEL SR UGALDE','39'),(715,2,103,37,'2019-11-04','2019-11-07',2,0,2,'2019-10-16','457D0150','RR',0,'PRIMA DEL SR UGALDE','39'),(716,2,103,38,'2019-11-04','2019-11-07',2,0,2,'2019-10-16','457D0150','RR',0,'PRIMA DEL SR UGALDE','39'),(717,2,103,39,'2019-11-04','2019-11-07',2,0,2,'2019-10-16','457D0150','RR',0,'PRIMA DEL SR UGALDE','39'),(718,2,104,4,'2019-12-13','2019-12-15',2,0,2,'2019-10-16','9A36809C','RI',0,'OK','44'),(719,2,104,9,'2019-12-13','2019-12-15',2,0,2,'2019-10-16','9A36809C','RI',0,'OK','44'),(720,2,104,1,'2019-12-13','2019-12-15',2,0,2,'2019-10-16','9A36809C','RI',0,'OK','44'),(721,2,104,15,'2019-12-13','2019-12-15',2,0,2,'2019-10-16','9A36809C','RI',0,'OK','44'),(722,2,104,18,'2019-12-13','2019-12-15',2,0,2,'2019-10-16','9A36809C','RI',0,'OK','44'),(723,2,104,19,'2019-12-13','2019-12-15',2,0,2,'2019-10-16','9A36809C','RI',0,'OK','44'),(724,2,104,22,'2019-12-13','2019-12-15',2,0,2,'2019-10-16','9A36809C','RI',0,'OK','44'),(725,2,104,23,'2019-12-13','2019-12-15',2,0,2,'2019-10-16','9A36809C','RI',0,'OK','44'),(726,2,104,31,'2019-12-13','2019-12-15',2,0,2,'2019-10-16','9A36809C','RI',0,'OK','44'),(727,2,104,32,'2019-12-13','2019-12-15',2,0,2,'2019-10-16','9A36809C','RI',0,'OK','44'),(728,2,104,39,'2019-12-13','2019-12-15',2,0,2,'2019-10-16','9A36809C','RI',0,'OK','44'),(729,2,105,11,'2020-01-02','2020-01-04',2,0,2,'2019-10-16','AAE66DF2','RI',0,'2300','1700'),(730,2,107,8,'2019-10-29','2019-10-31',2,0,2,'2019-10-16','B41CC917','RI',0,'OK','6420'),(731,2,107,1,'2019-10-29','2019-10-31',2,0,2,'2019-10-16','B41CC917','RI',0,'OK','6420'),(732,2,107,7,'2019-10-29','2019-10-31',2,0,2,'2019-10-16','B41CC917','RI',0,'OK','6420'),(733,2,107,16,'2019-10-29','2019-10-31',2,0,2,'2019-10-16','B41CC917','RI',0,'OK','6420'),(734,2,107,32,'2019-10-29','2019-10-31',2,0,2,'2019-10-16','B41CC917','RI',0,'OK','6420'),(736,2,109,32,'2019-12-30','2020-01-03',6,0,2,'2019-10-16','C170A87A','RI',0,'10000','20'),(737,2,110,36,'2019-11-07','2019-11-10',6,0,2,'2019-10-16','D54A406D','RI',0,'TERCERA NOCHE GRATIS 4600','6'),(738,2,111,32,'2019-10-25','2019-10-27',6,0,2,'2019-10-16','E6DCA7B1','RD',0,'3400','2900'),(739,2,112,36,'2019-10-25','2019-10-27',6,0,2,'2019-10-16','EF376823','RI',0,'3400','2900'),(743,2,114,28,'2019-10-31','2019-11-03',6,0,2,'2019-10-16','068B68F8','RR',0,'8600 CON TODO Y EL ADICIONAL','7500'),(744,2,114,29,'2019-10-31','2019-11-03',6,0,2,'2019-10-16','068B68F8','RR',0,'8600 CON TODO Y EL ADICIONAL','7500'),(746,2,116,35,'2019-11-09','2019-11-11',6,0,2,'2019-10-16','36A98287','RI',0,'3400 NO MOVER','4'),(747,2,117,39,'2019-10-25','2019-10-27',6,0,2,'2019-10-16','3C857756','RI',0,'3400','2900'),(748,2,118,33,'2019-10-25','2019-10-27',6,0,2,'2019-10-16','451CB2D2','RI',0,'3400','2900'),(749,2,119,9,'2019-10-28','2019-10-31',2,0,2,'2019-10-16','51B325D9','RD',0,'OK','28140'),(750,2,119,10,'2019-10-28','2019-10-31',2,0,2,'2019-10-16','51B325D9','RD',0,'OK','28140'),(751,2,119,11,'2019-10-28','2019-10-31',2,0,2,'2019-10-16','51B325D9','RD',0,'OK','28140'),(752,2,119,12,'2019-10-28','2019-10-31',2,0,2,'2019-10-16','51B325D9','RD',0,'OK','28140'),(753,2,119,13,'2019-10-28','2019-10-31',2,0,2,'2019-10-16','51B325D9','RD',0,'OK','28140'),(754,2,119,14,'2019-10-28','2019-10-31',2,0,2,'2019-10-16','51B325D9','RD',0,'OK','28140'),(755,2,119,15,'2019-10-28','2019-10-31',2,0,2,'2019-10-16','51B325D9','RD',0,'OK','28140'),(756,2,119,17,'2019-10-28','2019-10-31',2,0,2,'2019-10-16','51B325D9','RD',0,'OK','28140'),(757,2,119,25,'2019-10-28','2019-10-31',2,0,2,'2019-10-16','51B325D9','RD',0,'OK','28140'),(758,2,119,26,'2019-10-28','2019-10-31',2,0,2,'2019-10-16','51B325D9','RD',0,'OK','28140'),(759,2,119,27,'2019-10-28','2019-10-31',2,0,2,'2019-10-16','51B325D9','RD',0,'OK','28140'),(760,2,119,33,'2019-10-28','2019-10-31',2,0,2,'2019-10-16','51B325D9','RD',0,'OK','28140'),(762,2,119,36,'2019-10-28','2019-10-31',2,0,2,'2019-10-16','51B325D9','RD',0,'OK','28140'),(764,2,122,37,'2019-10-26','2019-10-28',6,0,2,'2019-10-17','9CA72BFD','RD',0,'3800','2900'),(765,2,125,11,'2019-10-18','2019-10-20',2,0,3,'2019-10-17','DD90E848','RI',1,'OK','15230'),(768,2,125,23,'2019-10-18','2019-10-20',2,0,3,'2019-10-17','DD90E848','RI',1,'OK','15230'),(769,2,125,29,'2019-10-18','2019-10-20',2,0,3,'2019-10-17','DD90E848','RI',1,'OK','15230'),(770,2,125,30,'2019-10-18','2019-10-20',2,0,3,'2019-10-17','DD90E848','RI',1,'OK','15230'),(772,2,125,37,'2019-10-18','2019-10-20',2,0,3,'2019-10-17','DD90E848','RI',1,'OK','15230'),(773,2,125,39,'2019-10-18','2019-10-20',2,0,3,'2019-10-17','DD90E848','RI',1,'OK','15230'),(774,2,126,4,'2019-10-18','2019-10-21',2,0,3,'2019-10-17','EA0D8044','RI',1,'31200','23430'),(775,2,126,8,'2019-10-18','2019-10-21',2,0,3,'2019-10-17','EA0D8044','RI',1,'31200','23430'),(776,2,126,9,'2019-10-18','2019-10-21',2,0,3,'2019-10-17','EA0D8044','RI',1,'31200','23430'),(777,2,126,1,'2019-10-18','2019-10-21',2,0,3,'2019-10-17','EA0D8044','RI',1,'31200','23430'),(778,2,126,7,'2019-10-18','2019-10-21',2,0,3,'2019-10-17','EA0D8044','RI',1,'31200','23430'),(780,2,126,19,'2019-10-18','2019-10-21',2,0,3,'2019-10-17','EA0D8044','RI',1,'31200','23430'),(781,2,126,20,'2019-10-18','2019-10-21',2,0,3,'2019-10-17','EA0D8044','RI',1,'31200','23430'),(782,2,126,21,'2019-10-18','2019-10-21',2,0,3,'2019-10-17','EA0D8044','RI',1,'31200','23430'),(783,2,126,17,'2019-10-18','2019-10-21',2,0,3,'2019-10-17','EA0D8044','RI',1,'31200','23430'),(784,2,126,28,'2019-10-18','2019-10-21',2,0,3,'2019-10-17','EA0D8044','RI',1,'31200','23430'),(785,2,127,16,'2019-10-17','2019-10-20',4,0,3,'2019-10-17','006B73AE','RI',1,'41500','39000'),(786,2,127,24,'2019-10-17','2019-10-20',4,0,3,'2019-10-17','006B73AE','RI',1,'41500','39000'),(787,2,127,25,'2019-10-17','2019-10-20',4,0,3,'2019-10-17','006B73AE','RI',1,'41500','39000'),(788,2,127,26,'2019-10-17','2019-10-20',4,0,3,'2019-10-17','006B73AE','RI',1,'41500','39000'),(789,2,127,27,'2019-10-17','2019-10-20',4,0,3,'2019-10-17','006B73AE','RI',1,'41500','39000'),(790,2,127,32,'2019-10-17','2019-10-20',4,0,3,'2019-10-17','006B73AE','RI',1,'41500','39000'),(791,2,127,33,'2019-10-17','2019-10-20',4,0,3,'2019-10-17','006B73AE','RI',1,'41500','39000'),(792,2,127,34,'2019-10-17','2019-10-20',4,0,3,'2019-10-17','006B73AE','RI',1,'41500','39000'),(793,2,127,35,'2019-10-17','2019-10-20',4,0,3,'2019-10-17','006B73AE','RI',1,'41500','39000'),(794,2,127,36,'2019-10-17','2019-10-20',4,0,3,'2019-10-17','006B73AE','RI',1,'41500','39000'),(796,2,129,38,'2019-10-18','2019-10-20',6,0,3,'2019-10-17','118D8282','RI',1,'3400','2900'),(797,2,126,13,'2019-10-18','2019-10-21',2,0,3,'2019-10-17','1D0B180B','RI',1,'SE AGREGO DESPUES','15'),(798,2,130,12,'2019-10-17','2019-10-20',2,0,3,'2019-10-17','390C0298','RI',0,'3900','15'),(799,2,123,16,'2019-12-25','2019-12-28',4,0,2,'2019-10-17','48C8981E','RR',0,'5400','15'),(800,2,132,13,'2019-11-21','2019-11-24',2,0,2,'2019-10-17','580E258C','RD',0,'OK','6'),(801,2,133,37,'2019-11-07','2019-11-10',6,0,2,'2019-10-17','5D57D1B1','RI',0,'4600','6'),(802,2,134,35,'2019-10-25','2019-10-27',6,0,2,'2019-10-17','6EBA027B','RI',0,'3400','2900'),(803,2,136,13,'2019-10-27','2019-10-28',2,0,2,'2019-10-17','868D59C6','RI',0,'750 Y SE CAMBIA A LA 111 LA SIGUIENTE NOCHE','5'),(804,2,136,8,'2019-10-28','2019-10-29',2,0,2,'2019-10-17','8A2D5C22','RI',0,'600 VIENE DE LA 309','600'),(805,2,137,32,'2019-11-26','2019-11-28',6,0,2,'2019-10-17','91A61512','OTAs',0,'OK','2'),(806,2,138,13,'2019-12-10','2019-12-12',2,0,2,'2019-10-17','96DC87B4','OTAs',0,'OK','2'),(808,2,140,32,'2019-11-03','2019-11-06',6,0,2,'2019-10-17','A45C06F6','OTAs',0,'OK','3'),(809,2,140,33,'2019-11-03','2019-11-06',6,0,2,'2019-10-17','A75E7626','OTAs',0,'OK','3'),(810,2,141,36,'2019-11-03','2019-11-04',6,0,2,'2019-10-17','AFFDCD01','OTAs',0,'OK','2'),(811,2,141,39,'2019-11-03','2019-11-04',6,0,2,'2019-10-17','AFFDCD01','OTAs',0,'OK','2'),(812,2,142,12,'2019-12-08','2019-12-11',2,0,2,'2019-10-17','B7B23371','OTAs',0,'OK','3'),(814,2,145,12,'2019-11-12','2019-11-13',2,0,2,'2019-10-17','CD750898','OTAs',0,'OK','1'),(815,4,146,16,'2020-01-06','2020-04-04',2,0,2,'2019-10-17','7A0D4A6C','RD',0,'$750 POR NOCHE; $7,500 DE DEPOSITO.','102350'),(816,4,147,31,'2019-10-18','2019-10-21',3,3,3,'2019-10-18','AB62CD3F','RC',0,'$4,050','3750'),(818,4,125,10,'2019-10-18','2019-10-20',2,0,3,'2019-10-18','E4A972A7','RI',0,'FUE CAMBIO POR LA 310 POR PROBLEMAS DE ADULTOS MAYORES','10'),(820,4,99,15,'2019-10-18','2019-10-19',2,0,3,'2019-10-18','0ADA8167','RD',0,'CAMBIO DE LA 108','5'),(821,4,149,14,'2019-10-18','2019-10-20',2,0,3,'2019-10-18','19F8A991','RI',0,'2300','10'),(822,4,150,11,'2019-11-22','2019-11-25',2,2,2,'2019-10-18','FEC9BF6C','RR',0,'$2,800 POR 3 NOCHES, CON 3ERA GRATIS, NO IMPORTA LA HAB. SOLO QUE TENGA SOFA','6'),(823,5,151,10,'2019-11-09','2019-11-11',2,0,2,'2019-10-18','6457D5FF','RD',0,'12500','20'),(824,5,151,14,'2019-11-09','2019-11-11',2,0,2,'2019-10-18','6457D5FF','RD',0,'12500','20'),(825,5,151,15,'2019-11-09','2019-11-11',2,0,2,'2019-10-18','6457D5FF','RD',0,'12500','20'),(826,5,151,38,'2019-11-09','2019-11-11',2,0,2,'2019-10-18','6457D5FF','RD',0,'12500','20'),(827,5,151,39,'2019-11-09','2019-11-11',2,0,2,'2019-10-18','6457D5FF','RD',0,'12500','20'),(828,5,151,4,'2019-11-10','2019-11-11',2,0,2,'2019-10-18','6F7C70C3','RD',0,'7200 LA NOCHE DEL SABADO ESTARAN EN LOS BUNGALITOS','8'),(829,5,151,9,'2019-11-10','2019-11-11',2,0,2,'2019-10-18','6F7C70C3','RD',0,'7200 LA NOCHE DEL SABADO ESTARAN EN LOS BUNGALITOS','8'),(831,5,151,7,'2019-11-10','2019-11-11',2,0,2,'2019-10-18','6F7C70C3','RD',0,'7200 LA NOCHE DEL SABADO ESTARAN EN LOS BUNGALITOS','8'),(832,5,151,12,'2019-11-10','2019-11-11',2,0,2,'2019-10-18','6F7C70C3','RD',0,'7200 LA NOCHE DEL SABADO ESTARAN EN LOS BUNGALITOS','8'),(833,5,151,13,'2019-11-10','2019-11-11',2,0,2,'2019-10-18','6F7C70C3','RD',0,'7200 LA NOCHE DEL SABADO ESTARAN EN LOS BUNGALITOS','8'),(834,5,151,21,'2019-11-10','2019-11-11',2,0,2,'2019-10-18','6F7C70C3','RD',0,'7200 LA NOCHE DEL SABADO ESTARAN EN LOS BUNGALITOS','8'),(835,5,151,23,'2019-11-10','2019-11-11',2,0,2,'2019-10-18','6F7C70C3','RD',0,'7200 LA NOCHE DEL SABADO ESTARAN EN LOS BUNGALITOS','8'),(836,2,92,14,'2020-01-02','2020-01-05',2,0,2,'2019-10-18','8DE2E1B3','RI',0,'SE AGREGARON DESPUES','5400'),(837,2,92,22,'2020-01-02','2020-01-05',2,0,2,'2019-10-18','8DE2E1B3','RI',0,'SE AGREGARON DESPUES','5400'),(839,5,152,14,'2019-10-23','2019-10-27',2,0,3,'2019-10-18','A69DC457','RI',1,'7200','40'),(841,2,135,17,'2020-01-01','2020-01-05',4,0,2,'2019-10-18','F30C744A','RD',0,'13600','8800'),(842,2,135,31,'2020-01-01','2020-01-05',4,0,2,'2019-10-18','F30C744A','RD',0,'13600','8800'),(844,2,155,4,'2019-10-28','2019-10-31',2,0,2,'2019-10-18','1329757F','RD',1,'OK','36000'),(845,2,155,18,'2019-10-28','2019-10-31',2,0,2,'2019-10-18','1329757F','RD',1,'OK','36000'),(846,2,155,19,'2019-10-28','2019-10-31',2,0,2,'2019-10-18','1329757F','RD',1,'OK','36000'),(847,2,155,21,'2019-10-28','2019-10-31',2,0,2,'2019-10-18','1329757F','RD',1,'OK','36000'),(848,2,155,22,'2019-10-28','2019-10-31',2,0,2,'2019-10-18','1329757F','RD',1,'OK','36000'),(849,2,155,24,'2019-10-28','2019-10-31',2,0,2,'2019-10-18','1329757F','RD',1,'OK','36000'),(851,2,155,29,'2019-10-28','2019-10-31',2,0,2,'2019-10-18','1329757F','RD',1,'OK','36000'),(852,2,155,30,'2019-10-28','2019-10-31',2,0,2,'2019-10-18','1329757F','RD',1,'OK','36000'),(853,2,155,31,'2019-10-28','2019-10-31',2,0,2,'2019-10-18','1329757F','RD',1,'OK','36000'),(854,2,155,35,'2019-10-28','2019-10-31',2,0,2,'2019-10-18','1329757F','RD',1,'OK','36000'),(855,5,156,4,'2019-10-24','2019-10-27',2,0,3,'2019-10-18','269A5273','RI',1,'56000','50730'),(856,5,156,8,'2019-10-24','2019-10-27',2,0,3,'2019-10-18','269A5273','RI',1,'56000','50730'),(857,5,156,9,'2019-10-24','2019-10-27',2,0,3,'2019-10-18','269A5273','RI',1,'56000','50730'),(858,5,156,1,'2019-10-24','2019-10-27',2,0,3,'2019-10-18','269A5273','RI',1,'56000','50730'),(859,5,156,7,'2019-10-24','2019-10-27',2,0,3,'2019-10-18','269A5273','RI',1,'56000','50730'),(860,5,156,16,'2019-10-24','2019-10-27',2,0,3,'2019-10-18','269A5273','RI',1,'56000','50730'),(861,5,156,18,'2019-10-24','2019-10-27',2,0,3,'2019-10-18','269A5273','RI',1,'56000','50730'),(862,5,156,19,'2019-10-24','2019-10-27',2,0,3,'2019-10-18','269A5273','RI',1,'56000','50730'),(863,5,156,20,'2019-10-24','2019-10-27',2,0,3,'2019-10-18','269A5273','RI',1,'56000','50730'),(864,5,156,21,'2019-10-24','2019-10-27',2,0,3,'2019-10-18','269A5273','RI',1,'56000','50730'),(865,5,156,22,'2019-10-24','2019-10-27',2,0,3,'2019-10-18','269A5273','RI',1,'56000','50730'),(866,5,156,23,'2019-10-24','2019-10-27',2,0,3,'2019-10-18','269A5273','RI',1,'56000','50730'),(867,5,156,17,'2019-10-24','2019-10-27',2,0,3,'2019-10-18','269A5273','RI',1,'56000','50730'),(868,5,156,24,'2019-10-24','2019-10-27',2,0,3,'2019-10-18','269A5273','RI',1,'56000','50730'),(869,5,156,25,'2019-10-24','2019-10-27',2,0,3,'2019-10-18','269A5273','RI',1,'56000','50730'),(870,5,156,26,'2019-10-24','2019-10-27',2,0,3,'2019-10-18','269A5273','RI',1,'56000','50730'),(871,5,156,27,'2019-10-24','2019-10-27',2,0,3,'2019-10-18','269A5273','RI',1,'56000','50730'),(872,5,156,28,'2019-10-24','2019-10-27',2,0,3,'2019-10-18','269A5273','RI',1,'56000','50730'),(873,5,156,34,'2019-10-24','2019-10-27',2,0,3,'2019-10-18','269A5273','RI',1,'56000','50730'),(874,2,63,29,'2019-10-24','2019-10-27',6,0,3,'2019-10-19','8E51A0F5','RI',1,'4500','3750'),(876,6,157,12,'2019-10-24','2019-10-27',2,0,3,'2019-10-19','1AB35FC3','RR',1,'13800','7530'),(877,6,157,13,'2019-10-24','2019-10-27',2,0,3,'2019-10-19','1AB35FC3','RR',1,'13800','7530'),(878,6,157,30,'2019-10-24','2019-10-27',2,0,3,'2019-10-19','1AB35FC3','RR',1,'13800','7530'),(879,6,157,31,'2019-10-24','2019-10-27',2,0,3,'2019-10-19','1AB35FC3','RR',1,'13800','7530'),(880,2,108,36,'2019-12-26','2019-12-29',6,0,2,'2019-10-19','3CCCC0C3','RD',0,'7500','15'),(882,4,159,20,'2019-10-29','2020-04-04',2,0,2,'2019-10-19','539E0FC5','RD',0,'$575 POR NOCHE. TIENE $6,000 DEPOSITO','150100'),(883,4,160,17,'2020-01-05','2020-03-06',2,0,2,'2019-10-19','D6531D3B','RD',0,'$650 POR NOCHE. $6,500 DEPOSITO','57950'),(884,4,161,10,'2020-01-05','2020-04-04',2,0,2,'2019-10-19','17ECF3D3','RD',0,'$650 POR NOCHE; $6,500 DEPOSITO.','72000'),(885,4,162,1,'2020-01-06','2020-04-04',2,0,2,'2019-10-19','620AE813','RD',0,'$400 POR NOCHE; $4,000 DEPOSITO.','53400'),(887,2,141,37,'2019-11-03','2019-11-04',6,0,2,'2019-10-19','935D76E8','OTAs',0,'BOOKING','2'),(888,2,141,38,'2019-11-03','2019-11-04',6,0,2,'2019-10-19','935D76E8','OTAs',0,'BOOKING','2'),(889,5,151,8,'2019-11-09','2019-11-11',2,0,2,'2019-10-19','ADEF0C56','RD',0,'1600','4'),(890,2,120,16,'2019-11-03','2019-11-06',4,0,2,'2019-10-19','D8400332','RI',0,'$10,350','9'),(891,2,120,24,'2019-11-03','2019-11-06',4,0,2,'2019-10-19','D8400332','RI',0,'$10,350','9'),(892,2,120,25,'2019-11-03','2019-11-06',4,0,2,'2019-10-19','D8400332','RI',0,'$10,350','9'),(894,2,163,32,'2019-12-16','2019-12-17',6,0,2,'2019-10-19','ABA49C4B','OTAs',0,'1550 POR BOOKING','1'),(895,2,164,12,'2019-10-21','2019-10-22',2,0,3,'2019-10-19','FFB0E38E','OTAs',1,'850 POR BOOKING','5'),(896,5,165,15,'2019-10-19','2019-10-20',2,0,3,'2019-10-19','29A363F4','RD',0,'950','5'),(897,2,128,32,'2019-10-20','2019-10-22',4,0,3,'2019-10-20','F76C3D28','RD',0,'4000, VIENE DE LA 114 POR QUE SE MOJA','2900'),(898,6,166,14,'2019-10-20','2019-10-21',2,0,3,'2019-10-20','5A8BDDA5','RD',0,'850 VENTA DIRECTA','5'),(899,2,167,9,'2019-12-25','2019-12-28',2,0,2,'2019-10-20','D6465348','RD',1,'61000 PARA 36 ADULTOS LLEGANDO EL 26 A LAS 7 AM, EN CASO DE QUE LLEGEN EL 25 AVISARAN Y SE LE AUMENTARA EL DESC APLICADO.','105'),(900,2,167,10,'2019-12-25','2019-12-28',2,0,2,'2019-10-20','D6465348','RD',1,'61000 PARA 36 ADULTOS LLEGANDO EL 26 A LAS 7 AM, EN CASO DE QUE LLEGEN EL 25 AVISARAN Y SE LE AUMENTARA EL DESC APLICADO.','105'),(901,2,167,11,'2019-12-25','2019-12-28',2,0,2,'2019-10-20','D6465348','RD',1,'61000 PARA 36 ADULTOS LLEGANDO EL 26 A LAS 7 AM, EN CASO DE QUE LLEGEN EL 25 AVISARAN Y SE LE AUMENTARA EL DESC APLICADO.','105'),(902,2,167,23,'2019-12-25','2019-12-28',2,0,2,'2019-10-20','D6465348','RD',1,'61000 PARA 36 ADULTOS LLEGANDO EL 26 A LAS 7 AM, EN CASO DE QUE LLEGEN EL 25 AVISARAN Y SE LE AUMENTARA EL DESC APLICADO.','105'),(903,2,167,25,'2019-12-25','2019-12-28',2,0,2,'2019-10-20','D6465348','RD',1,'61000 PARA 36 ADULTOS LLEGANDO EL 26 A LAS 7 AM, EN CASO DE QUE LLEGEN EL 25 AVISARAN Y SE LE AUMENTARA EL DESC APLICADO.','105'),(904,2,167,26,'2019-12-25','2019-12-28',2,0,2,'2019-10-20','D6465348','RD',1,'61000 PARA 36 ADULTOS LLEGANDO EL 26 A LAS 7 AM, EN CASO DE QUE LLEGEN EL 25 AVISARAN Y SE LE AUMENTARA EL DESC APLICADO.','105'),(905,2,167,27,'2019-12-25','2019-12-28',2,0,2,'2019-10-20','D6465348','RD',1,'61000 PARA 36 ADULTOS LLEGANDO EL 26 A LAS 7 AM, EN CASO DE QUE LLEGEN EL 25 AVISARAN Y SE LE AUMENTARA EL DESC APLICADO.','105'),(908,2,167,7,'2019-12-25','2019-12-29',2,0,2,'2019-10-20','E1A95F65','RD',1,'61000 JUNTO CON LA RESERVA D646','60'),(909,2,167,24,'2019-12-25','2019-12-29',2,0,2,'2019-10-20','E1A95F65','RD',1,'61000 JUNTO CON LA RESERVA D646','60'),(910,2,167,35,'2019-12-25','2019-12-29',2,0,2,'2019-10-20','E1A95F65','RD',1,'61000 JUNTO CON LA RESERVA D646','60'),(911,5,168,12,'2019-10-20','2019-10-21',2,0,3,'2019-10-20','2F86661C','RV',0,'$ 800.00','5'),(912,5,169,38,'2019-10-20','2019-10-21',6,0,3,'2019-10-20','6BD86A0B','RDV',0,'$ 1800.00','1450'),(915,6,98,10,'2019-10-25','2019-10-27',2,0,2,'2019-10-21','9DD9B14E','RR',0,'$2,300.00','10'),(916,6,152,11,'2019-10-23','2019-10-27',2,0,3,'2019-10-21','A95CB04B','RD',1,'$3,600.00','20'),(917,6,171,10,'2019-10-21','2019-10-24',2,0,3,'2019-10-21','B3B9C27A','RDV',0,'$2,550.00','15'),(918,6,172,33,'2019-10-21','2019-10-23',6,0,3,'2019-10-21','9E69B4B0','RDV',0,'$2,700.00','2900'),(919,4,170,16,'2019-10-21','2019-10-24',4,1,3,'2019-10-21','BB09964F','RI',1,'TOTAL: $2850; DEPOSITO: $1,000. \r\nFUE DE YESY PERO FUE CAMBIO DE HABITACION','3450'),(920,6,173,26,'2019-11-11','2019-11-13',4,0,2,'2019-10-21','9DDC4547','RD',0,'$2,300.00 NO MOVER REQUIERE HABITACIONES SEPARADAS','2'),(921,6,175,27,'2019-10-21','2019-10-22',4,0,3,'2019-10-21','8E042836','RDV',0,'$1,150.00','1150'),(922,2,65,9,'2019-11-15','2019-11-18',2,0,2,'2019-10-21','2F2251C8','RD',0,'ESTA VILLA SE HARA PARA 4 PERSONAS','6'),(923,2,143,4,'2019-11-17','2019-11-18',2,0,2,'2019-10-21','3C1D3051','OTAs',0,'SE TUVO QUE MOVER A LA 306 POR PROBLEMAS EN LA SUITE.','1'),(924,2,176,13,'2019-10-21','2019-10-22',2,0,3,'2019-10-21','F1B8AC35','RDV',0,'600','5'),(925,2,119,23,'2019-10-28','2019-10-31',2,0,2,'2019-10-21','43696BFF','RD',0,'SE AGREGARON POSTERIORMENTE','10950'),(926,2,119,28,'2019-10-28','2019-10-31',2,0,2,'2019-10-21','43696BFF','RD',0,'SE AGREGARON POSTERIORMENTE','10950'),(927,2,119,37,'2019-10-28','2019-10-31',2,0,2,'2019-10-21','43696BFF','RD',0,'SE AGREGARON POSTERIORMENTE','10950'),(928,2,155,34,'2019-10-28','2019-10-31',2,0,2,'2019-10-21','7219BA0F','RD',1,'SE CAMBIO POR LA VILLA 106 POR QUE JORGE RAMIREZ REQUERRIA EN PLANTA BAJA','4350'),(929,2,167,37,'2019-12-28','2019-12-29',2,0,2,'2019-10-21','7E2926B9','RD',0,'SE REPARTIRAN DE OTRAS HABITACIONES','10'),(930,2,167,39,'2019-12-28','2019-12-29',2,0,2,'2019-10-21','7E2926B9','RD',0,'SE REPARTIRAN DE OTRAS HABITACIONES','10'),(931,5,177,32,'2019-10-22','2019-10-23',4,0,3,'2019-10-22','697C2000','RDV',0,'$1000','1450'),(932,5,178,21,'2019-10-22','2019-10-24',4,0,3,'2019-10-22','03EEDFD8','RC',0,'ESTA REGISTRADA POR 3 NOCHE PEROAQUI SOLO REGISTRE DOS Y  HABRA CAMBIO A LA 201 LA ULTIMA NOCHEE  Y SE LE PAGO AL COYOTE $100 ESTAS DOS NOCHES QUEDARON EN $1800','1900'),(933,5,178,32,'2019-10-24','2019-10-25',4,0,3,'2019-10-22','0DF35BF8','RD',1,'ES EL CAMBIO DE LA HAB 113  QUE LLEGARON EL DIA MARTES 22 DE OCTUBRE ESTA NOCHE QUEDO EN  $950.00 ES LA ULTIMA NOCHE.','1450'),(936,5,180,38,'2019-10-26','2019-10-28',6,0,2,'2019-10-22','15BAFF4A','RR',0,'LA NOCHE QUEDO EN $1550  SERAN $3100  POR LAS DOS NOCHES.','NaN'),(941,5,184,34,'2019-10-22','2019-10-24',6,0,3,'2019-10-22','46B464A3','RDV',0,'2900','2900'),(945,2,182,15,'2019-10-26','2019-10-27',2,0,2,'2019-10-23','72242B1F','RI',0,'1400 SE LE METERA CAMA MATRIMONIAL EXTRA Y VIENEN DE LA 303','5'),(946,5,185,15,'2019-10-23','2019-10-26',2,0,3,'2019-10-23','4CFB20D7','RC',0,'$2000.00','15'),(947,5,181,13,'2019-11-19','2019-11-21',2,0,2,'2019-10-23','8F0E7551','RD',0,'$1500.00','2'),(948,5,113,8,'2019-11-11','2019-11-14',2,0,2,'2019-10-23','9DCA256C','RI',0,'$1800.00','3'),(949,5,186,8,'2019-10-23','2019-10-24',2,0,3,'2019-10-23','90C2D855','RDV',0,'$500.00 SE LE HIZO DESCUENTO','600'),(950,2,187,35,'2019-10-24','2019-10-25',6,0,3,'2019-10-24','1D756D64','RDV',0,'1700 VENTA','1450'),(951,2,186,10,'2019-10-24','2019-10-25',2,0,3,'2019-10-24','D841914C','RDV',0,'800','5'),(952,2,154,38,'2019-10-25','2019-10-26',6,0,2,'2019-10-24','FF69D2E4','RD',0,'1700','1450'),(953,2,182,37,'2019-10-24','2019-10-26',6,0,3,'2019-10-24','04924152','RD',0,'3400 y se cambia despues a la 401','2900');
/*!40000 ALTER TABLE `Reservaciones` ENABLE KEYS */;

--
-- Table structure for table `activacion`
--

DROP TABLE IF EXISTS `activacion`;
/*!40101 SET @saved_cs_client     = @@character_set_client */;
/*!40101 SET character_set_client = utf8 */;
CREATE TABLE `activacion` (
  `id` int(10) unsigned NOT NULL AUTO_INCREMENT,
  `clave` varchar(255) COLLATE utf8mb4_unicode_ci NOT NULL,
  PRIMARY KEY (`id`)
) ENGINE=InnoDB AUTO_INCREMENT=3 DEFAULT CHARSET=utf8mb4 COLLATE=utf8mb4_unicode_ci;
/*!40101 SET character_set_client = @saved_cs_client */;

--
-- Dumping data for table `activacion`
--

/*!40000 ALTER TABLE `activacion` DISABLE KEYS */;
INSERT INTO `activacion` VALUES (1,'@P7!C4C!0N');
/*!40000 ALTER TABLE `activacion` ENABLE KEYS */;

--
-- Table structure for table `hospedajesm`
--

DROP TABLE IF EXISTS `hospedajesm`;
/*!40101 SET @saved_cs_client     = @@character_set_client */;
/*!40101 SET character_set_client = utf8 */;
CREATE TABLE `hospedajesm` (
  `id` int(10) unsigned NOT NULL AUTO_INCREMENT,
  `fecha` date NOT NULL,
  `count` int(11) NOT NULL,
  PRIMARY KEY (`id`)
) ENGINE=InnoDB AUTO_INCREMENT=3 DEFAULT CHARSET=utf8mb4 COLLATE=utf8mb4_unicode_ci;
/*!40101 SET character_set_client = @saved_cs_client */;

--
-- Dumping data for table `hospedajesm`
--

/*!40000 ALTER TABLE `hospedajesm` DISABLE KEYS */;
INSERT INTO `hospedajesm` VALUES (1,'2019-09-01',1),(2,'2019-10-01',25);
/*!40000 ALTER TABLE `hospedajesm` ENABLE KEYS */;

--
-- Table structure for table `migrations`
--

DROP TABLE IF EXISTS `migrations`;
/*!40101 SET @saved_cs_client     = @@character_set_client */;
/*!40101 SET character_set_client = utf8 */;
CREATE TABLE `migrations` (
  `id` int(10) unsigned NOT NULL AUTO_INCREMENT,
  `migration` varchar(255) COLLATE utf8mb4_unicode_ci NOT NULL,
  `batch` int(11) NOT NULL,
  PRIMARY KEY (`id`)
) ENGINE=InnoDB AUTO_INCREMENT=19 DEFAULT CHARSET=utf8mb4 COLLATE=utf8mb4_unicode_ci;
/*!40101 SET character_set_client = @saved_cs_client */;

--
-- Dumping data for table `migrations`
--

/*!40000 ALTER TABLE `migrations` DISABLE KEYS */;
INSERT INTO `migrations` VALUES (1,'2019_08_22_161648_table_empleados',1),(2,'2019_08_22_162208_table_clientes',1),(3,'2019_08_22_162459_table_habitaciones',1),(4,'2019_08_22_162838_table_reservacion',1),(5,'2019_08_22_163318_table_resp_reserva',1),(6,'2019_08_22_235435_colum_folio_reservaciones',1),(7,'2019_08_23_013937_colum_pa_habitaciones',1),(8,'2019_08_24_025728_colum_tipo_reservaciones',1),(9,'2019_08_24_031029_colum_confirmar_y_comentario_reservaciones',1),(10,'2019_08_28_230703_tabla_precios_fecha',2),(11,'2019_09_01_191957_table_activacion',3),(12,'2019_09_02_221746_add_price_reserva',4),(13,'2019_09_11_184104_column_estado_cliente',5),(14,'2019_09_22_170217_table_prereservas_mensuales',5),(15,'2019_09_22_170230_table_reservas_mensuales',5),(16,'2019_09_22_170245_table_hospedajes_mensuales',5),(17,'2019_09_25_204546_columns_precios_habitaciones',6),(18,'2019_09_25_231229_table_visitas',6);
/*!40000 ALTER TABLE `migrations` ENABLE KEYS */;

--
-- Table structure for table `precios_fecha`
--

DROP TABLE IF EXISTS `precios_fecha`;
/*!40101 SET @saved_cs_client     = @@character_set_client */;
/*!40101 SET character_set_client = utf8 */;
CREATE TABLE `precios_fecha` (
  `id` int(10) unsigned NOT NULL AUTO_INCREMENT,
  `idHabitacion` int(10) unsigned NOT NULL,
  `de` date NOT NULL,
  `a` date NOT NULL,
  `costo` int(11) NOT NULL,
  PRIMARY KEY (`id`),
  KEY `precios_fecha_idhabitacion_foreign` (`idHabitacion`),
  CONSTRAINT `precios_fecha_idhabitacion_foreign` FOREIGN KEY (`idHabitacion`) REFERENCES `Habitaciones` (`id`)
) ENGINE=InnoDB AUTO_INCREMENT=1663 DEFAULT CHARSET=utf8mb4 COLLATE=utf8mb4_unicode_ci;
/*!40101 SET character_set_client = @saved_cs_client */;

--
-- Dumping data for table `precios_fecha`
--

/*!40000 ALTER TABLE `precios_fecha` DISABLE KEYS */;
INSERT INTO `precios_fecha` VALUES (1095,1,'2019-11-01','2019-11-02',2),(1096,4,'2019-11-01','2019-11-02',2),(1097,7,'2019-11-01','2019-11-02',2),(1098,8,'2019-11-01','2019-11-02',2),(1099,9,'2019-11-01','2019-11-02',2),(1100,1,'2019-11-03','2019-11-06',1),(1101,4,'2019-11-03','2019-11-06',1),(1102,7,'2019-11-03','2019-11-06',1),(1103,8,'2019-11-03','2019-11-06',1),(1104,9,'2019-11-03','2019-11-06',1),(1105,1,'2019-11-07','2019-11-09',2),(1106,4,'2019-11-07','2019-11-09',2),(1107,7,'2019-11-07','2019-11-09',2),(1108,8,'2019-11-07','2019-11-09',2),(1109,9,'2019-11-07','2019-11-09',2),(1110,1,'2019-11-10','2019-11-13',1),(1111,4,'2019-11-10','2019-11-13',1),(1112,7,'2019-11-10','2019-11-13',1),(1113,8,'2019-11-10','2019-11-13',1),(1114,9,'2019-11-10','2019-11-13',1),(1115,1,'2019-11-14','2019-11-16',2),(1116,4,'2019-11-14','2019-11-16',2),(1117,7,'2019-11-14','2019-11-16',2),(1118,8,'2019-11-14','2019-11-16',2),(1119,9,'2019-11-14','2019-11-16',2),(1120,1,'2019-11-17','2019-11-20',1),(1121,4,'2019-11-17','2019-11-20',1),(1122,7,'2019-11-17','2019-11-20',1),(1123,8,'2019-11-17','2019-11-20',1),(1124,9,'2019-11-17','2019-11-20',1),(1125,1,'2019-11-21','2019-11-23',2),(1126,4,'2019-11-21','2019-11-23',2),(1127,7,'2019-11-21','2019-11-23',2),(1128,8,'2019-11-21','2019-11-23',2),(1129,9,'2019-11-21','2019-11-23',2),(1130,1,'2019-11-24','2019-11-27',1),(1131,4,'2019-11-24','2019-11-27',1),(1132,7,'2019-11-24','2019-11-27',1),(1133,8,'2019-11-24','2019-11-27',1),(1134,9,'2019-11-24','2019-11-27',1),(1135,1,'2019-11-28','2019-11-30',2),(1136,4,'2019-11-28','2019-11-30',2),(1137,7,'2019-11-28','2019-11-30',2),(1138,8,'2019-11-28','2019-11-30',2),(1139,9,'2019-11-28','2019-11-30',2),(1140,1,'2019-12-01','2019-12-04',1),(1141,4,'2019-12-01','2019-12-04',1),(1142,7,'2019-12-01','2019-12-04',1),(1143,8,'2019-12-01','2019-12-04',1),(1144,9,'2019-12-01','2019-12-04',1),(1145,1,'2019-12-05','2019-12-07',2),(1146,4,'2019-12-05','2019-12-07',2),(1147,7,'2019-12-05','2019-12-07',2),(1148,8,'2019-12-05','2019-12-07',2),(1149,9,'2019-12-05','2019-12-07',2),(1150,1,'2019-12-08','2019-12-11',1),(1151,4,'2019-12-08','2019-12-11',1),(1152,7,'2019-12-08','2019-12-11',1),(1153,8,'2019-12-08','2019-12-11',1),(1154,9,'2019-12-08','2019-12-11',1),(1155,1,'2019-12-12','2019-12-14',2),(1156,4,'2019-12-12','2019-12-14',2),(1157,7,'2019-12-12','2019-12-14',2),(1158,8,'2019-12-12','2019-12-14',2),(1159,9,'2019-12-12','2019-12-14',2),(1160,1,'2019-12-15','2019-12-18',1),(1161,4,'2019-12-15','2019-12-18',1),(1162,7,'2019-12-15','2019-12-18',1),(1163,8,'2019-12-15','2019-12-18',1),(1164,9,'2019-12-15','2019-12-18',1),(1165,1,'2019-12-19','2019-12-24',4),(1166,4,'2019-12-19','2019-12-24',4),(1167,7,'2019-12-19','2019-12-24',4),(1168,8,'2019-12-19','2019-12-24',4),(1169,9,'2019-12-19','2019-12-24',4),(1170,1,'2019-12-25','2019-12-31',5),(1171,4,'2019-12-25','2019-12-31',5),(1172,7,'2019-12-25','2019-12-31',5),(1173,8,'2019-12-25','2019-12-31',5),(1174,9,'2019-12-25','2019-12-31',5),(1175,10,'2019-11-01','2019-11-02',2),(1176,11,'2019-11-01','2019-11-02',2),(1177,12,'2019-11-01','2019-11-02',2),(1178,13,'2019-11-01','2019-11-02',2),(1179,14,'2019-11-01','2019-11-02',2),(1180,15,'2019-11-01','2019-11-02',2),(1181,10,'2019-11-03','2019-11-06',1),(1182,11,'2019-11-03','2019-11-06',1),(1183,12,'2019-11-03','2019-11-06',1),(1184,13,'2019-11-03','2019-11-06',1),(1185,14,'2019-11-03','2019-11-06',1),(1186,15,'2019-11-03','2019-11-06',1),(1187,10,'2019-11-07','2019-11-09',2),(1188,11,'2019-11-07','2019-11-09',2),(1189,12,'2019-11-07','2019-11-09',2),(1190,13,'2019-11-07','2019-11-09',2),(1191,14,'2019-11-07','2019-11-09',2),(1192,15,'2019-11-07','2019-11-09',2),(1193,10,'2019-11-10','2019-11-13',1),(1194,11,'2019-11-10','2019-11-13',1),(1195,12,'2019-11-10','2019-11-13',1),(1196,13,'2019-11-10','2019-11-13',1),(1197,14,'2019-11-10','2019-11-13',1),(1198,15,'2019-11-10','2019-11-13',1),(1199,10,'2019-11-14','2019-11-16',2),(1200,11,'2019-11-14','2019-11-16',2),(1201,12,'2019-11-14','2019-11-16',2),(1202,13,'2019-11-14','2019-11-16',2),(1203,14,'2019-11-14','2019-11-16',2),(1204,15,'2019-11-14','2019-11-16',2),(1205,10,'2019-11-17','2019-11-20',1),(1206,11,'2019-11-17','2019-11-20',1),(1207,12,'2019-11-17','2019-11-20',1),(1208,13,'2019-11-17','2019-11-20',1),(1209,14,'2019-11-17','2019-11-20',1),(1210,15,'2019-11-17','2019-11-20',1),(1211,10,'2019-11-21','2019-11-23',2),(1212,11,'2019-11-21','2019-11-23',2),(1213,12,'2019-11-21','2019-11-23',2),(1214,13,'2019-11-21','2019-11-23',2),(1215,14,'2019-11-21','2019-11-23',2),(1216,15,'2019-11-21','2019-11-23',2),(1217,10,'2019-11-24','2019-11-27',1),(1218,11,'2019-11-24','2019-11-27',1),(1219,12,'2019-11-24','2019-11-27',1),(1220,13,'2019-11-24','2019-11-27',1),(1221,14,'2019-11-24','2019-11-27',1),(1222,15,'2019-11-24','2019-11-27',1),(1223,10,'2019-11-28','2019-11-30',2),(1224,11,'2019-11-28','2019-11-30',2),(1225,12,'2019-11-28','2019-11-30',2),(1226,13,'2019-11-28','2019-11-30',2),(1227,14,'2019-11-28','2019-11-30',2),(1228,15,'2019-11-28','2019-11-30',2),(1229,10,'2019-12-01','2019-12-04',1),(1230,11,'2019-12-01','2019-12-04',1),(1231,12,'2019-12-01','2019-12-04',1),(1232,13,'2019-12-01','2019-12-04',1),(1233,14,'2019-12-01','2019-12-04',1),(1234,15,'2019-12-01','2019-12-04',1),(1235,10,'2019-12-05','2019-12-07',2),(1236,11,'2019-12-05','2019-12-07',2),(1237,12,'2019-12-05','2019-12-07',2),(1238,13,'2019-12-05','2019-12-07',2),(1239,14,'2019-12-05','2019-12-07',2),(1240,15,'2019-12-05','2019-12-07',2),(1241,10,'2019-12-08','2019-12-11',1),(1242,11,'2019-12-08','2019-12-11',1),(1243,12,'2019-12-08','2019-12-11',1),(1244,13,'2019-12-08','2019-12-11',1),(1245,14,'2019-12-08','2019-12-11',1),(1246,15,'2019-12-08','2019-12-11',1),(1247,10,'2019-12-12','2019-12-14',2),(1248,11,'2019-12-12','2019-12-14',2),(1249,12,'2019-12-12','2019-12-14',2),(1250,13,'2019-12-12','2019-12-14',2),(1251,14,'2019-12-12','2019-12-14',2),(1252,15,'2019-12-12','2019-12-14',2),(1253,10,'2019-12-15','2019-12-18',1),(1254,11,'2019-12-15','2019-12-18',1),(1255,12,'2019-12-15','2019-12-18',1),(1256,13,'2019-12-15','2019-12-18',1),(1257,14,'2019-12-15','2019-12-18',1),(1258,15,'2019-12-15','2019-12-18',1),(1259,10,'2019-12-19','2019-12-24',4),(1260,11,'2019-12-19','2019-12-24',4),(1261,12,'2019-12-19','2019-12-24',4),(1262,13,'2019-12-19','2019-12-24',4),(1263,14,'2019-12-19','2019-12-24',4),(1264,15,'2019-12-19','2019-12-24',4),(1265,10,'2019-12-25','2019-12-31',5),(1266,11,'2019-12-25','2019-12-31',5),(1267,12,'2019-12-25','2019-12-31',5),(1268,13,'2019-12-25','2019-12-31',5),(1269,14,'2019-12-25','2019-12-31',5),(1270,15,'2019-12-25','2019-12-31',5),(1271,17,'2019-11-01','2019-11-02',2),(1272,18,'2019-11-01','2019-11-02',2),(1273,19,'2019-11-01','2019-11-02',2),(1274,20,'2019-11-01','2019-11-02',2),(1275,21,'2019-11-01','2019-11-02',2),(1276,22,'2019-11-01','2019-11-02',2),(1277,23,'2019-11-01','2019-11-02',2),(1278,17,'2019-11-03','2019-11-06',1),(1279,18,'2019-11-03','2019-11-06',1),(1280,19,'2019-11-03','2019-11-06',1),(1281,20,'2019-11-03','2019-11-06',1),(1282,21,'2019-11-03','2019-11-06',1),(1283,22,'2019-11-03','2019-11-06',1),(1284,23,'2019-11-03','2019-11-06',1),(1285,17,'2019-11-07','2019-11-09',2),(1286,18,'2019-11-07','2019-11-09',2),(1287,19,'2019-11-07','2019-11-09',2),(1288,20,'2019-11-07','2019-11-09',2),(1289,21,'2019-11-07','2019-11-09',2),(1290,22,'2019-11-07','2019-11-09',2),(1291,23,'2019-11-07','2019-11-09',2),(1292,17,'2019-11-10','2019-11-13',1),(1293,18,'2019-11-10','2019-11-13',1),(1294,19,'2019-11-10','2019-11-13',1),(1295,20,'2019-11-10','2019-11-13',1),(1296,21,'2019-11-10','2019-11-13',1),(1297,22,'2019-11-10','2019-11-13',1),(1298,23,'2019-11-10','2019-11-13',1),(1299,17,'2019-11-14','2019-11-16',2),(1300,18,'2019-11-14','2019-11-16',2),(1301,19,'2019-11-14','2019-11-16',2),(1302,20,'2019-11-14','2019-11-16',2),(1303,21,'2019-11-14','2019-11-16',2),(1304,22,'2019-11-14','2019-11-16',2),(1305,23,'2019-11-14','2019-11-16',2),(1306,17,'2019-11-17','2019-11-20',1),(1307,18,'2019-11-17','2019-11-20',1),(1308,19,'2019-11-17','2019-11-20',1),(1309,20,'2019-11-17','2019-11-20',1),(1310,21,'2019-11-17','2019-11-20',1),(1311,22,'2019-11-17','2019-11-20',1),(1312,23,'2019-11-17','2019-11-20',1),(1313,17,'2019-11-21','2019-11-23',2),(1314,18,'2019-11-21','2019-11-23',2),(1315,19,'2019-11-21','2019-11-23',2),(1316,20,'2019-11-21','2019-11-23',2),(1317,21,'2019-11-21','2019-11-23',2),(1318,22,'2019-11-21','2019-11-23',2),(1319,23,'2019-11-21','2019-11-23',2),(1320,17,'2019-11-24','2019-11-27',1),(1321,18,'2019-11-24','2019-11-27',1),(1322,19,'2019-11-24','2019-11-27',1),(1323,20,'2019-11-24','2019-11-27',1),(1324,21,'2019-11-24','2019-11-27',1),(1325,22,'2019-11-24','2019-11-27',1),(1326,23,'2019-11-24','2019-11-27',1),(1327,17,'2019-11-28','2019-11-30',2),(1328,18,'2019-11-28','2019-11-30',2),(1329,19,'2019-11-28','2019-11-30',2),(1330,20,'2019-11-28','2019-11-30',2),(1331,21,'2019-11-28','2019-11-30',2),(1332,22,'2019-11-28','2019-11-30',2),(1333,23,'2019-11-28','2019-11-30',2),(1334,17,'2019-12-01','2019-12-04',1),(1335,18,'2019-12-01','2019-12-04',1),(1336,19,'2019-12-01','2019-12-04',1),(1337,20,'2019-12-01','2019-12-04',1),(1338,21,'2019-12-01','2019-12-04',1),(1339,22,'2019-12-01','2019-12-04',1),(1340,23,'2019-12-01','2019-12-04',1),(1341,17,'2019-12-05','2019-12-07',2),(1342,18,'2019-12-05','2019-12-07',2),(1343,19,'2019-12-05','2019-12-07',2),(1344,20,'2019-12-05','2019-12-07',2),(1345,21,'2019-12-05','2019-12-07',2),(1346,22,'2019-12-05','2019-12-07',2),(1347,23,'2019-12-05','2019-12-07',2),(1348,17,'2019-12-08','2019-12-11',1),(1349,18,'2019-12-08','2019-12-11',1),(1350,19,'2019-12-08','2019-12-11',1),(1351,20,'2019-12-08','2019-12-11',1),(1352,21,'2019-12-08','2019-12-11',1),(1353,22,'2019-12-08','2019-12-11',1),(1354,23,'2019-12-08','2019-12-11',1),(1355,17,'2019-12-12','2019-12-14',2),(1356,18,'2019-12-12','2019-12-14',2),(1357,19,'2019-12-12','2019-12-14',2),(1358,20,'2019-12-12','2019-12-14',2),(1359,21,'2019-12-12','2019-12-14',2),(1360,22,'2019-12-12','2019-12-14',2),(1361,23,'2019-12-12','2019-12-14',2),(1362,17,'2019-12-15','2019-12-18',1),(1363,18,'2019-12-15','2019-12-18',1),(1364,19,'2019-12-15','2019-12-18',1),(1365,20,'2019-12-15','2019-12-18',1),(1366,21,'2019-12-15','2019-12-18',1),(1367,22,'2019-12-15','2019-12-18',1),(1368,23,'2019-12-15','2019-12-18',1),(1369,17,'2019-12-19','2019-12-24',4),(1370,18,'2019-12-19','2019-12-24',4),(1371,19,'2019-12-19','2019-12-24',4),(1372,20,'2019-12-19','2019-12-24',4),(1373,21,'2019-12-19','2019-12-24',4),(1374,22,'2019-12-19','2019-12-24',4),(1375,23,'2019-12-19','2019-12-24',4),(1376,17,'2019-12-25','2019-12-31',5),(1377,18,'2019-12-25','2019-12-31',5),(1378,19,'2019-12-25','2019-12-31',5),(1379,20,'2019-12-25','2019-12-31',5),(1380,21,'2019-12-25','2019-12-31',5),(1381,22,'2019-12-25','2019-12-31',5),(1382,23,'2019-12-25','2019-12-31',5),(1383,16,'2019-11-01','2019-11-02',2),(1384,24,'2019-11-01','2019-11-02',2),(1385,25,'2019-11-01','2019-11-02',2),(1386,26,'2019-11-01','2019-11-02',2),(1387,27,'2019-11-01','2019-11-02',2),(1388,16,'2019-11-03','2019-11-06',1),(1389,24,'2019-11-03','2019-11-06',1),(1390,25,'2019-11-03','2019-11-06',1),(1391,26,'2019-11-03','2019-11-06',1),(1392,27,'2019-11-03','2019-11-06',1),(1393,16,'2019-11-07','2019-11-09',2),(1394,24,'2019-11-07','2019-11-09',2),(1395,25,'2019-11-07','2019-11-09',2),(1396,26,'2019-11-07','2019-11-09',2),(1397,27,'2019-11-07','2019-11-09',2),(1398,16,'2019-11-10','2019-11-13',1),(1399,24,'2019-11-10','2019-11-13',1),(1400,25,'2019-11-10','2019-11-13',1),(1401,26,'2019-11-10','2019-11-13',1),(1402,27,'2019-11-10','2019-11-13',1),(1403,16,'2019-11-14','2019-11-16',2),(1404,24,'2019-11-14','2019-11-16',2),(1405,25,'2019-11-14','2019-11-16',2),(1406,26,'2019-11-14','2019-11-16',2),(1407,27,'2019-11-14','2019-11-16',2),(1408,16,'2019-11-17','2019-11-20',1),(1409,24,'2019-11-17','2019-11-20',1),(1410,25,'2019-11-17','2019-11-20',1),(1411,26,'2019-11-17','2019-11-20',1),(1412,27,'2019-11-17','2019-11-20',1),(1413,16,'2019-11-21','2019-11-23',2),(1414,24,'2019-11-21','2019-11-23',2),(1415,25,'2019-11-21','2019-11-23',2),(1416,26,'2019-11-21','2019-11-23',2),(1417,27,'2019-11-21','2019-11-23',2),(1418,16,'2019-11-24','2019-11-27',1),(1419,24,'2019-11-24','2019-11-27',1),(1420,25,'2019-11-24','2019-11-27',1),(1421,26,'2019-11-24','2019-11-27',1),(1422,27,'2019-11-24','2019-11-27',1),(1423,16,'2019-11-28','2019-11-30',2),(1424,24,'2019-11-28','2019-11-30',2),(1425,25,'2019-11-28','2019-11-30',2),(1426,26,'2019-11-28','2019-11-30',2),(1427,27,'2019-11-28','2019-11-30',2),(1428,16,'2019-12-01','2019-12-04',1),(1429,24,'2019-12-01','2019-12-04',1),(1430,25,'2019-12-01','2019-12-04',1),(1431,26,'2019-12-01','2019-12-04',1),(1432,27,'2019-12-01','2019-12-04',1),(1433,16,'2019-12-05','2019-12-07',2),(1434,24,'2019-12-05','2019-12-07',2),(1435,25,'2019-12-05','2019-12-07',2),(1436,26,'2019-12-05','2019-12-07',2),(1437,27,'2019-12-05','2019-12-07',2),(1438,16,'2019-12-08','2019-12-11',1),(1439,24,'2019-12-08','2019-12-11',1),(1440,25,'2019-12-08','2019-12-11',1),(1441,26,'2019-12-08','2019-12-11',1),(1442,27,'2019-12-08','2019-12-11',1),(1443,16,'2019-12-12','2019-12-14',2),(1444,24,'2019-12-12','2019-12-14',2),(1445,25,'2019-12-12','2019-12-14',2),(1446,26,'2019-12-12','2019-12-14',2),(1447,27,'2019-12-12','2019-12-14',2),(1448,16,'2019-12-15','2019-12-18',1),(1449,24,'2019-12-15','2019-12-18',1),(1450,25,'2019-12-15','2019-12-18',1),(1451,26,'2019-12-15','2019-12-18',1),(1452,27,'2019-12-15','2019-12-18',1),(1453,16,'2019-12-19','2019-12-24',4),(1454,24,'2019-12-19','2019-12-24',4),(1455,25,'2019-12-19','2019-12-24',4),(1456,26,'2019-12-19','2019-12-24',4),(1457,27,'2019-12-19','2019-12-24',4),(1458,16,'2019-12-25','2019-12-31',5),(1459,24,'2019-12-25','2019-12-31',5),(1460,25,'2019-12-25','2019-12-31',5),(1461,26,'2019-12-25','2019-12-31',5),(1462,27,'2019-12-25','2019-12-31',5),(1463,28,'2019-11-01','2019-11-02',2),(1464,29,'2019-11-01','2019-11-02',2),(1465,30,'2019-11-01','2019-11-02',2),(1466,31,'2019-11-01','2019-11-02',2),(1467,28,'2019-11-03','2019-11-06',1),(1468,29,'2019-11-03','2019-11-06',1),(1469,30,'2019-11-03','2019-11-06',1),(1470,31,'2019-11-03','2019-11-06',1),(1471,28,'2019-11-07','2019-11-09',2),(1472,29,'2019-11-07','2019-11-09',2),(1473,30,'2019-11-07','2019-11-09',2),(1474,31,'2019-11-07','2019-11-09',2),(1475,28,'2019-11-10','2019-11-13',1),(1476,29,'2019-11-10','2019-11-13',1),(1477,30,'2019-11-10','2019-11-13',1),(1478,31,'2019-11-10','2019-11-13',1),(1479,28,'2019-11-14','2019-11-16',2),(1480,29,'2019-11-14','2019-11-16',2),(1481,30,'2019-11-14','2019-11-16',2),(1482,31,'2019-11-14','2019-11-16',2),(1483,28,'2019-11-17','2019-11-20',1),(1484,29,'2019-11-17','2019-11-20',1),(1485,30,'2019-11-17','2019-11-20',1),(1486,31,'2019-11-17','2019-11-20',1),(1487,28,'2019-11-21','2019-11-23',2),(1488,29,'2019-11-21','2019-11-23',2),(1489,30,'2019-11-21','2019-11-23',2),(1490,31,'2019-11-21','2019-11-23',2),(1491,28,'2019-11-24','2019-11-27',1),(1492,29,'2019-11-24','2019-11-27',1),(1493,30,'2019-11-24','2019-11-27',1),(1494,31,'2019-11-24','2019-11-27',1),(1495,28,'2019-11-28','2019-11-30',2),(1496,29,'2019-11-28','2019-11-30',2),(1497,30,'2019-11-28','2019-11-30',2),(1498,31,'2019-11-28','2019-11-30',2),(1499,28,'2019-12-01','2019-12-04',1),(1500,29,'2019-12-01','2019-12-04',1),(1501,30,'2019-12-01','2019-12-04',1),(1502,31,'2019-12-01','2019-12-04',1),(1503,28,'2019-12-05','2019-12-07',2),(1504,29,'2019-12-05','2019-12-07',2),(1505,30,'2019-12-05','2019-12-07',2),(1506,31,'2019-12-05','2019-12-07',2),(1507,28,'2019-12-08','2019-12-11',1),(1508,29,'2019-12-08','2019-12-11',1),(1509,30,'2019-12-08','2019-12-11',1),(1510,31,'2019-12-08','2019-12-11',1),(1511,28,'2019-12-12','2019-12-14',2),(1512,29,'2019-12-12','2019-12-14',2),(1513,30,'2019-12-12','2019-12-14',2),(1514,31,'2019-12-12','2019-12-14',2),(1515,28,'2019-12-15','2019-12-18',1),(1516,29,'2019-12-15','2019-12-18',1),(1517,30,'2019-12-15','2019-12-18',1),(1518,31,'2019-12-15','2019-12-18',1),(1519,28,'2019-12-19','2019-12-24',4),(1520,29,'2019-12-19','2019-12-24',4),(1521,30,'2019-12-19','2019-12-24',4),(1522,31,'2019-12-19','2019-12-24',4),(1523,28,'2019-12-25','2019-12-31',5),(1524,29,'2019-12-25','2019-12-31',5),(1525,30,'2019-12-25','2019-12-31',5),(1526,31,'2019-12-25','2019-12-31',5),(1527,32,'2019-11-01','2019-11-02',2),(1528,33,'2019-11-01','2019-11-02',2),(1529,34,'2019-11-01','2019-11-02',2),(1530,35,'2019-11-01','2019-11-02',2),(1531,36,'2019-11-01','2019-11-02',2),(1532,37,'2019-11-01','2019-11-02',2),(1533,38,'2019-11-01','2019-11-02',2),(1534,39,'2019-11-01','2019-11-02',2),(1535,32,'2019-11-03','2019-11-06',1),(1536,33,'2019-11-03','2019-11-06',1),(1537,34,'2019-11-03','2019-11-06',1),(1538,35,'2019-11-03','2019-11-06',1),(1539,36,'2019-11-03','2019-11-06',1),(1540,37,'2019-11-03','2019-11-06',1),(1541,38,'2019-11-03','2019-11-06',1),(1542,39,'2019-11-03','2019-11-06',1),(1543,32,'2019-11-07','2019-11-09',2),(1544,33,'2019-11-07','2019-11-09',2),(1545,34,'2019-11-07','2019-11-09',2),(1546,35,'2019-11-07','2019-11-09',2),(1547,36,'2019-11-07','2019-11-09',2),(1548,37,'2019-11-07','2019-11-09',2),(1549,38,'2019-11-07','2019-11-09',2),(1550,39,'2019-11-07','2019-11-09',2),(1551,32,'2019-11-10','2019-11-13',1),(1552,33,'2019-11-10','2019-11-13',1),(1553,34,'2019-11-10','2019-11-13',1),(1554,35,'2019-11-10','2019-11-13',1),(1555,36,'2019-11-10','2019-11-13',1),(1556,37,'2019-11-10','2019-11-13',1),(1557,38,'2019-11-10','2019-11-13',1),(1558,39,'2019-11-10','2019-11-13',1),(1559,32,'2019-11-14','2019-11-16',2),(1560,33,'2019-11-14','2019-11-16',2),(1561,34,'2019-11-14','2019-11-16',2),(1562,35,'2019-11-14','2019-11-16',2),(1563,36,'2019-11-14','2019-11-16',2),(1564,37,'2019-11-14','2019-11-16',2),(1565,38,'2019-11-14','2019-11-16',2),(1566,39,'2019-11-14','2019-11-16',2),(1567,32,'2019-11-17','2019-11-20',1),(1568,33,'2019-11-17','2019-11-20',1),(1569,34,'2019-11-17','2019-11-20',1),(1570,35,'2019-11-17','2019-11-20',1),(1571,36,'2019-11-17','2019-11-20',1),(1572,37,'2019-11-17','2019-11-20',1),(1573,38,'2019-11-17','2019-11-20',1),(1574,39,'2019-11-17','2019-11-20',1),(1575,32,'2019-11-21','2019-11-23',2),(1576,33,'2019-11-21','2019-11-23',2),(1577,34,'2019-11-21','2019-11-23',2),(1578,35,'2019-11-21','2019-11-23',2),(1579,36,'2019-11-21','2019-11-23',2),(1580,37,'2019-11-21','2019-11-23',2),(1581,38,'2019-11-21','2019-11-23',2),(1582,39,'2019-11-21','2019-11-23',2),(1583,32,'2019-11-24','2019-11-27',1),(1584,33,'2019-11-24','2019-11-27',1),(1585,34,'2019-11-24','2019-11-27',1),(1586,35,'2019-11-24','2019-11-27',1),(1587,36,'2019-11-24','2019-11-27',1),(1588,37,'2019-11-24','2019-11-27',1),(1589,38,'2019-11-24','2019-11-27',1),(1590,39,'2019-11-24','2019-11-27',1),(1591,32,'2019-11-28','2019-11-30',2),(1592,33,'2019-11-28','2019-11-30',2),(1593,34,'2019-11-28','2019-11-30',2),(1594,35,'2019-11-28','2019-11-30',2),(1595,36,'2019-11-28','2019-11-30',2),(1596,37,'2019-11-28','2019-11-30',2),(1597,38,'2019-11-28','2019-11-30',2),(1598,39,'2019-11-28','2019-11-30',2),(1599,32,'2019-12-01','2019-12-04',1),(1600,33,'2019-12-01','2019-12-04',1),(1601,34,'2019-12-01','2019-12-04',1),(1602,35,'2019-12-01','2019-12-04',1),(1603,36,'2019-12-01','2019-12-04',1),(1604,37,'2019-12-01','2019-12-04',1),(1605,38,'2019-12-01','2019-12-04',1),(1606,39,'2019-12-01','2019-12-04',1),(1607,32,'2019-12-05','2019-12-07',2),(1608,33,'2019-12-05','2019-12-07',2),(1609,34,'2019-12-05','2019-12-07',2),(1610,35,'2019-12-05','2019-12-07',2),(1611,36,'2019-12-05','2019-12-07',2),(1612,37,'2019-12-05','2019-12-07',2),(1613,38,'2019-12-05','2019-12-07',2),(1614,39,'2019-12-05','2019-12-07',2),(1615,32,'2019-12-08','2019-12-11',1),(1616,33,'2019-12-08','2019-12-11',1),(1617,34,'2019-12-08','2019-12-11',1),(1618,35,'2019-12-08','2019-12-11',1),(1619,36,'2019-12-08','2019-12-11',1),(1620,37,'2019-12-08','2019-12-11',1),(1621,38,'2019-12-08','2019-12-11',1),(1622,39,'2019-12-08','2019-12-11',1),(1623,32,'2019-12-12','2019-12-14',2),(1624,33,'2019-12-12','2019-12-14',2),(1625,34,'2019-12-12','2019-12-14',2),(1626,35,'2019-12-12','2019-12-14',2),(1627,36,'2019-12-12','2019-12-14',2),(1628,37,'2019-12-12','2019-12-14',2),(1629,38,'2019-12-12','2019-12-14',2),(1630,39,'2019-12-12','2019-12-14',2),(1631,32,'2019-12-15','2019-12-18',1),(1632,33,'2019-12-15','2019-12-18',1),(1633,34,'2019-12-15','2019-12-18',1),(1634,35,'2019-12-15','2019-12-18',1),(1635,36,'2019-12-15','2019-12-18',1),(1636,37,'2019-12-15','2019-12-18',1),(1637,38,'2019-12-15','2019-12-18',1),(1638,39,'2019-12-15','2019-12-18',1),(1639,32,'2019-12-19','2019-12-24',4),(1640,33,'2019-12-19','2019-12-24',4),(1641,34,'2019-12-19','2019-12-24',4),(1642,35,'2019-12-19','2019-12-24',4),(1643,36,'2019-12-19','2019-12-24',4),(1644,37,'2019-12-19','2019-12-24',4),(1645,38,'2019-12-19','2019-12-24',4),(1646,39,'2019-12-19','2019-12-24',4),(1647,32,'2019-12-25','2019-12-31',5),(1648,33,'2019-12-25','2019-12-31',5),(1649,34,'2019-12-25','2019-12-31',5),(1650,35,'2019-12-25','2019-12-31',5),(1651,36,'2019-12-25','2019-12-31',5),(1652,37,'2019-12-25','2019-12-31',5),(1653,38,'2019-12-25','2019-12-31',5),(1654,39,'2019-12-25','2019-12-31',5),(1655,1,'2019-10-15','2019-10-31',5),(1656,7,'2019-10-15','2019-10-31',5),(1657,10,'2019-10-15','2019-10-31',5),(1658,11,'2019-10-15','2019-10-31',5),(1659,12,'2019-10-15','2019-10-31',5),(1660,13,'2019-10-15','2019-10-31',5),(1661,14,'2019-10-15','2019-10-31',5),(1662,15,'2019-10-15','2019-10-31',5);
/*!40000 ALTER TABLE `precios_fecha` ENABLE KEYS */;

--
-- Table structure for table `prereservas`
--

DROP TABLE IF EXISTS `prereservas`;
/*!40101 SET @saved_cs_client     = @@character_set_client */;
/*!40101 SET character_set_client = utf8 */;
CREATE TABLE `prereservas` (
  `id` int(10) unsigned NOT NULL AUTO_INCREMENT,
  `fecha` date NOT NULL,
  `count` int(11) NOT NULL,
  PRIMARY KEY (`id`)
) ENGINE=InnoDB AUTO_INCREMENT=3 DEFAULT CHARSET=utf8mb4 COLLATE=utf8mb4_unicode_ci;
/*!40101 SET character_set_client = @saved_cs_client */;

--
-- Dumping data for table `prereservas`
--

/*!40000 ALTER TABLE `prereservas` DISABLE KEYS */;
INSERT INTO `prereservas` VALUES (1,'2019-09-01',1),(2,'2019-10-01',32);
/*!40000 ALTER TABLE `prereservas` ENABLE KEYS */;

--
-- Table structure for table `reservasm`
--

DROP TABLE IF EXISTS `reservasm`;
/*!40101 SET @saved_cs_client     = @@character_set_client */;
/*!40101 SET character_set_client = utf8 */;
CREATE TABLE `reservasm` (
  `id` int(10) unsigned NOT NULL AUTO_INCREMENT,
  `fecha` date NOT NULL,
  `count` int(11) NOT NULL,
  PRIMARY KEY (`id`)
) ENGINE=InnoDB AUTO_INCREMENT=3 DEFAULT CHARSET=utf8mb4 COLLATE=utf8mb4_unicode_ci;
/*!40101 SET character_set_client = @saved_cs_client */;

--
-- Dumping data for table `reservasm`
--

/*!40000 ALTER TABLE `reservasm` DISABLE KEYS */;
INSERT INTO `reservasm` VALUES (1,'2019-09-01',1),(2,'2019-10-01',120);
/*!40000 ALTER TABLE `reservasm` ENABLE KEYS */;

--
-- Table structure for table `resp_reservas`
--

DROP TABLE IF EXISTS `resp_reservas`;
/*!40101 SET @saved_cs_client     = @@character_set_client */;
/*!40101 SET character_set_client = utf8 */;
CREATE TABLE `resp_reservas` (
  `id` int(10) unsigned NOT NULL AUTO_INCREMENT,
  `idEmpleado` int(11) NOT NULL,
  `idCliente` int(11) NOT NULL,
  `idHabitacion` int(11) NOT NULL,
  `fechallegada` date NOT NULL,
  `fechasalida` date NOT NULL,
  `adultos` int(11) NOT NULL,
  `ninos` int(11) NOT NULL,
  `status` int(11) NOT NULL,
  `created_at` date NOT NULL,
  `tipo` varchar(255) COLLATE utf8mb4_unicode_ci NOT NULL,
  `folio` varchar(255) COLLATE utf8mb4_unicode_ci NOT NULL,
  `confirmado` tinyint(1) NOT NULL,
  `comentario` longtext COLLATE utf8mb4_unicode_ci NOT NULL,
  PRIMARY KEY (`id`)
) ENGINE=InnoDB DEFAULT CHARSET=utf8mb4 COLLATE=utf8mb4_unicode_ci;
/*!40101 SET character_set_client = @saved_cs_client */;

--
-- Dumping data for table `resp_reservas`
--

/*!40000 ALTER TABLE `resp_reservas` DISABLE KEYS */;
/*!40000 ALTER TABLE `resp_reservas` ENABLE KEYS */;

--
-- Table structure for table `visitas`
--

DROP TABLE IF EXISTS `visitas`;
/*!40101 SET @saved_cs_client     = @@character_set_client */;
/*!40101 SET character_set_client = utf8 */;
CREATE TABLE `visitas` (
  `id` int(10) unsigned NOT NULL AUTO_INCREMENT,
  `fecha` date NOT NULL,
  `count` int(11) NOT NULL,
  PRIMARY KEY (`id`)
) ENGINE=InnoDB AUTO_INCREMENT=24 DEFAULT CHARSET=utf8mb4 COLLATE=utf8mb4_unicode_ci;
/*!40101 SET character_set_client = @saved_cs_client */;

--
-- Dumping data for table `visitas`
--

/*!40000 ALTER TABLE `visitas` DISABLE KEYS */;
INSERT INTO `visitas` VALUES (1,'2019-10-02',2),(2,'2019-10-03',8),(3,'2019-10-04',10),(4,'2019-10-05',5),(5,'2019-10-07',8),(6,'2019-10-08',9),(7,'2019-10-09',4),(8,'2019-10-10',9),(9,'2019-10-11',9),(10,'2019-10-12',3),(11,'2019-10-13',7),(12,'2019-10-14',8),(13,'2019-10-15',5),(14,'2019-10-16',5),(15,'2019-10-17',3),(16,'2019-10-18',8),(17,'2019-10-19',3),(18,'2019-10-20',8),(19,'2019-10-21',11),(20,'2019-10-22',4),(21,'2019-10-23',8),(22,'2019-10-24',8),(23,'2019-10-25',1);
/*!40000 ALTER TABLE `visitas` ENABLE KEYS */;

--
-- Dumping routines for database 'u433255739_hotel'
--
/*!40103 SET TIME_ZONE=@OLD_TIME_ZONE */;

/*!40101 SET SQL_MODE=@OLD_SQL_MODE */;
/*!40014 SET FOREIGN_KEY_CHECKS=@OLD_FOREIGN_KEY_CHECKS */;
/*!40014 SET UNIQUE_CHECKS=@OLD_UNIQUE_CHECKS */;
/*!40101 SET CHARACTER_SET_CLIENT=@OLD_CHARACTER_SET_CLIENT */;
/*!40101 SET CHARACTER_SET_RESULTS=@OLD_CHARACTER_SET_RESULTS */;
/*!40101 SET COLLATION_CONNECTION=@OLD_COLLATION_CONNECTION */;
/*!40111 SET SQL_NOTES=@OLD_SQL_NOTES */;

-- Dump completed on 2019-10-25  7:19:38
